dates,parks,away,home,homewin,etcs,times
2017/03/14,대전,LG,한화,무,시범경기,13:00
2017/03/14,대구,KT,삼성,패,시범경기,13:00
2017/03/14,광주,두산,기아,승,시범경기,13:00
2017/03/14,사직,SK,롯데,패,시범경기,13:00
2017/03/14,마산,넥센,NC,무,시범경기,13:00
2017/03/15,대전,LG,한화,패,시범경기,13:00
2017/03/15,대구,KT,삼성,패,시범경기,13:00
2017/03/15,광주,두산,기아,패,시범경기,13:00
2017/03/15,사직,SK,롯데,승,시범경기,13:00
2017/03/15,마산,넥센,NC,무,시범경기,13:00
2017/03/16,대전,넥센,한화,승,시범경기,13:00
2017/03/16,대구,LG,삼성,무,시범경기,13:00
2017/03/16,광주,KT,기아,패,시범경기,13:00
2017/03/16,사직,두산,롯데,무,시범경기,13:00
2017/03/16,마산,SK,NC,승,시범경기,13:00
2017/03/17,대전,넥센,한화,승,시범경기,13:00
2017/03/17,대구,LG,삼성,패,시범경기,13:00
2017/03/17,광주,KT,기아,패,시범경기,13:00
2017/03/17,사직,두산,롯데,승,시범경기,13:00
2017/03/17,마산,SK,NC,무,시범경기,13:00
2017/03/18,고척,두산,넥센,패,시범경기,13:00
2017/03/18,대전,KT,한화,무,시범경기,13:00
2017/03/18,광주,SK,기아,승,시범경기,13:00
2017/03/18,사직,LG,롯데,승,시범경기,13:00
2017/03/18,마산,삼성,NC,승,시범경기,13:00
2017/03/19,고척,두산,넥센,승,시범경기,13:00
2017/03/19,대전,KT,한화,패,시범경기,13:00
2017/03/19,광주,SK,기아,패,시범경기,13:00
2017/03/19,사직,LG,롯데,승,시범경기,13:00
2017/03/19,마산,삼성,NC,패,시범경기,13:00
2017/03/21,고척,롯데,넥센,승,시범경기,13:00
2017/03/21,문학,두산,SK,패,시범경기,13:00
2017/03/21,광주,삼성,기아,승,시범경기,13:00
2017/03/21,마산,한화,NC,승,시범경기,13:00
2017/03/21,잠실,KT,LG,패,시범경기,17:00
2017/03/22,고척,롯데,넥센,무,시범경기,13:00
2017/03/22,문학,두산,SK,무,시범경기,13:00
2017/03/22,광주,삼성,기아,승,시범경기,13:00
2017/03/22,마산,한화,NC,패,시범경기,13:00
2017/03/22,잠실,KT,LG,승,시범경기,17:00
2017/03/23,고척,KT,넥센,승,시범경기,13:00
2017/03/23,잠실,삼성,두산,승,시범경기,13:00
2017/03/23,문학,LG,SK,승,시범경기,13:00
2017/03/23,대전,기아,한화,승,시범경기,13:00
2017/03/23,사직,NC,롯데,패,시범경기,13:00
2017/03/24,고척,KT,넥센,승,시범경기,13:00
2017/03/24,잠실,삼성,두산,승,시범경기,13:00
2017/03/24,문학,LG,SK,패,시범경기,13:00
2017/03/24,대전,기아,한화,승,시범경기,13:00
2017/03/24,사직,NC,롯데,패,시범경기,13:00
2017/03/25,고척,삼성,넥센,패,시범경기,13:00
2017/03/25,잠실,LG,두산,승,시범경기,13:00
2017/03/25,문학,한화,SK,승,시범경기,13:00
2017/03/25,사직,KT,롯데,패,시범경기,13:00
2017/03/26,고척,삼성,넥센,승,시범경기,13:00
2017/03/26,잠실,두산,LG,승,시범경기,13:00
2017/03/26,문학,한화,SK,패,시범경기,13:00
2017/03/26,광주,NC,기아,승,시범경기,13:00
2017/03/31,고척,LG,넥센,패,정규시즌,19:00
2017/03/31,잠실,한화,두산,승,정규시즌,19:00
2017/03/31,문학,KT,SK,패,정규시즌,19:00
2017/03/31,대구,기아,삼성,패,정규시즌,19:00
2017/03/31,마산,롯데,NC,승,정규시즌,19:00
2017/04/01,고척,LG,넥센,패,정규시즌,14:00
2017/04/01,잠실,한화,두산,패,정규시즌,14:00
2017/04/01,대구,기아,삼성,패,정규시즌,14:00
2017/04/01,문학,KT,SK,패,정규시즌,17:00
2017/04/01,마산,롯데,NC,패,정규시즌,17:00
2017/04/02,고척,LG,넥센,패,정규시즌,14:00
2017/04/02,잠실,한화,두산,승,정규시즌,14:00
2017/04/02,문학,KT,SK,패,정규시즌,14:00
2017/04/02,대구,기아,삼성,승,정규시즌,14:00
2017/04/02,마산,롯데,NC,패,정규시즌,14:00
2017/04/04,잠실,삼성,LG,승,정규시즌,18:30
2017/04/04,대전,NC,한화,승,정규시즌,18:30
2017/04/04,광주,SK,기아,승,정규시즌,18:30
2017/04/04,사직,넥센,롯데,승,정규시즌,18:30
2017/04/04,수원,두산,KT,패,정규시즌,19:00
2017/04/06,잠실,삼성,LG,승,정규시즌,18:30
2017/04/06,대전,NC,한화,패,정규시즌,18:30
2017/04/06,광주,SK,기아,승,정규시즌,18:30
2017/04/06,사직,넥센,롯데,승,정규시즌,18:30
2017/04/06,수원,두산,KT,승,정규시즌,18:30
2017/04/07,잠실,넥센,두산,패,정규시즌,18:30
2017/04/07,문학,NC,SK,패,정규시즌,18:30
2017/04/07,광주,한화,기아,승,정규시즌,18:30
2017/04/07,사직,LG,롯데,패,정규시즌,18:30
2017/04/07,수원,삼성,KT,승,정규시즌,18:30
2017/04/08,잠실,넥센,두산,패,정규시즌,17:00
2017/04/08,문학,NC,SK,승,정규시즌,17:00
2017/04/08,광주,한화,기아,패,정규시즌,17:00
2017/04/08,사직,LG,롯데,승,정규시즌,17:00
2017/04/08,수원,삼성,KT,승,정규시즌,17:00
2017/04/09,잠실,넥센,두산,패,정규시즌,14:00
2017/04/09,문학,NC,SK,승,정규시즌,14:00
2017/04/09,광주,한화,기아,승,정규시즌,14:00
2017/04/09,사직,LG,롯데,승,정규시즌,14:00
2017/04/09,수원,삼성,KT,승,정규시즌,14:00
2017/04/11,고척,KT,넥센,승,정규시즌,18:30
2017/04/11,잠실,기아,두산,승,정규시즌,18:30
2017/04/11,문학,롯데,SK,패,정규시즌,18:30
2017/04/11,대구,한화,삼성,패,정규시즌,18:30
2017/04/11,마산,LG,NC,승,정규시즌,18:30
2017/04/12,고척,KT,넥센,승,정규시즌,18:30
2017/04/12,잠실,기아,두산,패,정규시즌,18:30
2017/04/12,문학,롯데,SK,승,정규시즌,18:30
2017/04/12,대구,한화,삼성,패,정규시즌,18:30
2017/04/12,마산,LG,NC,승,정규시즌,18:30
2017/04/13,고척,KT,넥센,패,정규시즌,18:30
2017/04/13,잠실,기아,두산,패,정규시즌,18:30
2017/04/13,문학,롯데,SK,승,정규시즌,18:30
2017/04/13,대구,한화,삼성,승,정규시즌,18:30
2017/04/13,마산,LG,NC,승,정규시즌,18:30
2017/04/14,잠실,KT,LG,승,정규시즌,18:30
2017/04/14,대전,SK,한화,패,정규시즌,18:30
2017/04/14,광주,넥센,기아,승,정규시즌,18:30
2017/04/14,사직,삼성,롯데,승,정규시즌,18:30
2017/04/14,마산,두산,NC,패,정규시즌,18:30
2017/04/15,잠실,KT,LG,패,정규시즌,17:00
2017/04/15,대전,SK,한화,패,정규시즌,17:00
2017/04/15,광주,넥센,기아,승,정규시즌,17:00
2017/04/15,사직,삼성,롯데,승,정규시즌,17:00
2017/04/15,마산,두산,NC,패,정규시즌,17:00
2017/04/16,잠실,KT,LG,승,정규시즌,14:00
2017/04/16,대전,SK,한화,패,정규시즌,14:00
2017/04/16,광주,넥센,기아,승,정규시즌,14:00
2017/04/16,사직,삼성,롯데,패,정규시즌,14:00
2017/04/16,마산,두산,NC,승,정규시즌,14:00
2017/04/18,잠실,삼성,두산,무,정규시즌,18:30
2017/04/18,문학,넥센,SK,승,정규시즌,18:30
2017/04/18,대전,LG,한화,승,정규시즌,18:30
2017/04/18,사직,NC,롯데,패,정규시즌,18:30
2017/04/18,수원,기아,KT,패,정규시즌,18:30
2017/04/19,잠실,삼성,두산,승,정규시즌,18:30
2017/04/19,문학,넥센,SK,승,정규시즌,18:30
2017/04/19,대전,LG,한화,승,정규시즌,18:30
2017/04/19,사직,NC,롯데,패,정규시즌,18:30
2017/04/19,수원,기아,KT,승,정규시즌,18:30
2017/04/20,잠실,삼성,두산,승,정규시즌,18:30
2017/04/20,문학,넥센,SK,패,정규시즌,18:30
2017/04/20,대전,LG,한화,패,정규시즌,18:30
2017/04/20,사직,NC,롯데,패,정규시즌,18:30
2017/04/20,수원,기아,KT,패,정규시즌,18:30
2017/04/21,고척,롯데,넥센,승,정규시즌,18:30
2017/04/21,잠실,기아,LG,승,정규시즌,18:30
2017/04/21,문학,두산,SK,승,정규시즌,18:30
2017/04/21,대구,NC,삼성,무,정규시즌,18:30
2017/04/21,수원,한화,KT,패,정규시즌,18:30
2017/04/22,고척,롯데,넥센,패,정규시즌,17:00
2017/04/22,잠실,기아,LG,패,정규시즌,17:00
2017/04/22,문학,두산,SK,승,정규시즌,17:00
2017/04/22,대구,NC,삼성,패,정규시즌,17:00
2017/04/22,수원,한화,KT,승,정규시즌,17:00
2017/04/23,고척,롯데,넥센,승,정규시즌,14:00
2017/04/23,잠실,기아,LG,승,정규시즌,14:00
2017/04/23,문학,두산,SK,패,정규시즌,14:00
2017/04/23,대구,NC,삼성,패,정규시즌,14:00
2017/04/23,수원,한화,KT,패,정규시즌,14:00
2017/04/25,고척,두산,넥센,승,정규시즌,18:30
2017/04/25,잠실,SK,LG,패,정규시즌,18:30
2017/04/25,광주,삼성,기아,승,정규시즌,18:30
2017/04/25,사직,한화,롯데,승,정규시즌,18:30
2017/04/25,마산,KT,NC,승,정규시즌,18:30
2017/04/26,고척,두산,넥센,패,정규시즌,18:30
2017/04/26,잠실,SK,LG,승,정규시즌,18:30
2017/04/26,광주,삼성,기아,승,정규시즌,18:30
2017/04/26,사직,한화,롯데,승,정규시즌,18:30
2017/04/26,마산,KT,NC,승,정규시즌,18:30
2017/04/27,고척,두산,넥센,승,정규시즌,18:30
2017/04/27,잠실,SK,LG,승,정규시즌,18:30
2017/04/27,광주,삼성,기아,승,정규시즌,18:30
2017/04/27,사직,한화,롯데,패,정규시즌,18:30
2017/04/27,마산,KT,NC,승,정규시즌,18:30
2017/04/28,잠실,롯데,두산,승,정규시즌,18:30
2017/04/28,대전,넥센,한화,패,정규시즌,18:30
2017/04/28,대구,SK,삼성,패,정규시즌,18:30
2017/04/28,광주,NC,기아,승,정규시즌,18:30
2017/04/28,수원,LG,KT,패,정규시즌,18:30
2017/04/29,잠실,롯데,두산,승,정규시즌,17:00
2017/04/29,대전,넥센,한화,패,정규시즌,17:00
2017/04/29,대구,SK,삼성,승,정규시즌,17:00
2017/04/29,광주,NC,기아,패,정규시즌,17:00
2017/04/29,수원,LG,KT,승,정규시즌,17:00
2017/04/30,잠실,롯데,두산,패,정규시즌,14:00
2017/04/30,대전,넥센,한화,패,정규시즌,14:00
2017/04/30,대구,SK,삼성,패,정규시즌,14:00
2017/04/30,광주,NC,기아,패,정규시즌,14:00
2017/04/30,수원,LG,KT,패,정규시즌,14:00
2017/05/02,고척,기아,넥센,패,정규시즌,18:30
2017/05/02,잠실,NC,LG,패,정규시즌,18:30
2017/05/02,문학,한화,SK,패,정규시즌,18:30
2017/05/02,대구,두산,삼성,승,정규시즌,18:30
2017/05/02,수원,롯데,KT,패,정규시즌,18:30
2017/05/03,고척,기아,넥센,패,정규시즌,14:00
2017/05/03,잠실,NC,LG,승,정규시즌,14:00
2017/05/03,문학,한화,SK,패,정규시즌,14:00
2017/05/03,대구,두산,삼성,패,정규시즌,14:00
2017/05/03,수원,롯데,KT,승,정규시즌,14:00
2017/05/04,고척,기아,넥센,승,정규시즌,18:30
2017/05/04,잠실,NC,LG,승,정규시즌,18:30
2017/05/04,문학,한화,SK,승,정규시즌,18:30
2017/05/04,대구,두산,삼성,패,정규시즌,18:30
2017/05/04,수원,롯데,KT,패,정규시즌,18:30
2017/05/05,고척,SK,넥센,승,정규시즌,14:00
2017/05/05,잠실,LG,두산,패,정규시즌,14:00
2017/05/05,대전,KT,한화,승,정규시즌,14:00
2017/05/05,사직,기아,롯데,패,정규시즌,14:00
2017/05/05,마산,삼성,NC,승,정규시즌,14:00
2017/05/06,고척,SK,넥센,패,정규시즌,17:00
2017/05/06,잠실,LG,두산,패,정규시즌,17:00
2017/05/06,대전,KT,한화,승,정규시즌,17:00
2017/05/06,사직,기아,롯데,패,정규시즌,17:00
2017/05/06,마산,삼성,NC,패,정규시즌,17:00
2017/05/07,고척,SK,넥센,무,정규시즌,14:00
2017/05/07,잠실,LG,두산,패,정규시즌,14:00
2017/05/07,대전,KT,한화,패,정규시즌,14:00
2017/05/07,사직,기아,롯데,패,정규시즌,14:00
2017/05/07,마산,삼성,NC,승,정규시즌,14:00
2017/05/09,광주,KT,기아,승,정규시즌,18:30
2017/05/10,잠실,SK,두산,승,정규시즌,18:30
2017/05/10,대전,롯데,한화,패,정규시즌,18:30
2017/05/10,대구,LG,삼성,패,정규시즌,18:30
2017/05/10,광주,KT,기아,패,정규시즌,18:30
2017/05/10,마산,넥센,NC,승,정규시즌,18:30
2017/05/11,잠실,SK,두산,승,정규시즌,18:30
2017/05/11,대전,롯데,한화,승,정규시즌,18:30
2017/05/11,대구,LG,삼성,패,정규시즌,18:30
2017/05/11,광주,KT,기아,패,정규시즌,18:30
2017/05/11,마산,넥센,NC,패,정규시즌,18:30
2017/05/12,잠실,한화,LG,패,정규시즌,18:30
2017/05/12,문학,기아,SK,승,정규시즌,18:30
2017/05/12,대구,넥센,삼성,승,정규시즌,18:30
2017/05/12,수원,NC,KT,패,정규시즌,18:30
2017/05/13,잠실,한화,LG,패,정규시즌,17:00
2017/05/13,문학,기아,SK,패,정규시즌,17:00
2017/05/13,대구,넥센,삼성,패,정규시즌,17:00
2017/05/13,사직,두산,롯데,패,정규시즌,17:00
2017/05/13,수원,NC,KT,승,정규시즌,17:00
2017/05/14,잠실,한화,LG,승,정규시즌,14:00
2017/05/14,문학,기아,SK,승,정규시즌,14:00
2017/05/14,대구,넥센,삼성,패,정규시즌,14:00
2017/05/14,사직,두산,롯데,패,정규시즌,14:00
2017/05/14,수원,NC,KT,승,정규시즌,14:00
2017/05/16,고척,한화,넥센,승,정규시즌,18:30
2017/05/16,잠실,NC,두산,패,정규시즌,18:30
2017/05/16,문학,삼성,SK,패,정규시즌,18:30
2017/05/16,광주,LG,기아,승,정규시즌,18:30
2017/05/16,사직,KT,롯데,승,정규시즌,18:30
2017/05/17,고척,한화,넥센,패,정규시즌,18:30
2017/05/17,잠실,NC,두산,패,정규시즌,18:30
2017/05/17,문학,삼성,SK,패,정규시즌,18:30
2017/05/17,광주,LG,기아,승,정규시즌,18:30
2017/05/17,사직,KT,롯데,승,정규시즌,18:30
2017/05/18,고척,한화,넥센,승,정규시즌,18:30
2017/05/18,잠실,NC,두산,승,정규시즌,18:30
2017/05/18,문학,삼성,SK,승,정규시즌,18:30
2017/05/18,광주,LG,기아,승,정규시즌,18:30
2017/05/18,사직,KT,롯데,승,정규시즌,18:30
2017/05/19,잠실,롯데,LG,패,정규시즌,18:30
2017/05/19,대전,삼성,한화,패,정규시즌,18:30
2017/05/19,광주,두산,기아,패,정규시즌,18:30
2017/05/19,마산,SK,NC,패,정규시즌,18:30
2017/05/19,수원,넥센,KT,패,정규시즌,18:30
2017/05/20,잠실,롯데,LG,승,정규시즌,17:00
2017/05/20,대전,삼성,한화,패,정규시즌,17:00
2017/05/20,광주,두산,기아,패,정규시즌,17:00
2017/05/20,마산,SK,NC,승,정규시즌,17:00
2017/05/20,수원,넥센,KT,패,정규시즌,17:00
2017/05/21,잠실,롯데,LG,승,정규시즌,14:00
2017/05/21,대전,삼성,한화,패,정규시즌,14:00
2017/05/21,광주,두산,기아,패,정규시즌,14:00
2017/05/21,마산,SK,NC,패,정규시즌,14:00
2017/05/21,수원,넥센,KT,승,정규시즌,14:00
2017/05/23,고척,NC,넥센,패,정규시즌,18:30
2017/05/23,대전,기아,한화,패,정규시즌,18:30
2017/05/23,대구,KT,삼성,패,정규시즌,18:30
2017/05/23,사직,SK,롯데,승,정규시즌,18:30
2017/05/24,고척,NC,넥센,패,정규시즌,18:30
2017/05/24,잠실,두산,LG,패,정규시즌,18:30
2017/05/24,대전,기아,한화,패,정규시즌,18:30
2017/05/24,대구,KT,삼성,패,정규시즌,18:30
2017/05/24,사직,SK,롯데,승,정규시즌,18:30
2017/05/25,고척,NC,넥센,패,정규시즌,18:30
2017/05/25,잠실,두산,LG,패,정규시즌,18:30
2017/05/25,대전,기아,한화,패,정규시즌,18:30
2017/05/25,대구,KT,삼성,승,정규시즌,18:30
2017/05/25,사직,SK,롯데,승,정규시즌,18:30
2017/05/26,고척,삼성,넥센,승,정규시즌,18:30
2017/05/26,잠실,KT,두산,패,정규시즌,18:30
2017/05/26,문학,LG,SK,승,정규시즌,18:30
2017/05/26,광주,롯데,기아,패,정규시즌,18:30
2017/05/26,마산,한화,NC,승,정규시즌,18:30
2017/05/27,고척,삼성,넥센,승,정규시즌,17:00
2017/05/27,잠실,KT,두산,승,정규시즌,17:00
2017/05/27,문학,LG,SK,승,정규시즌,17:00
2017/05/27,광주,롯데,기아,승,정규시즌,17:00
2017/05/27,마산,한화,NC,패,정규시즌,17:00
2017/05/28,고척,삼성,넥센,패,정규시즌,14:00
2017/05/28,잠실,KT,두산,승,정규시즌,14:00
2017/05/28,문학,LG,SK,승,정규시즌,14:00
2017/05/28,광주,롯데,기아,승,정규시즌,14:00
2017/05/28,마산,한화,NC,패,정규시즌,14:00
2017/05/30,잠실,넥센,LG,패,정규시즌,18:30
2017/05/30,대전,두산,한화,승,정규시즌,18:30
2017/05/30,대구,롯데,삼성,패,정규시즌,18:30
2017/05/30,마산,기아,NC,패,정규시즌,18:30
2017/05/30,수원,SK,KT,패,정규시즌,18:30
2017/05/31,잠실,넥센,LG,승,정규시즌,18:30
2017/05/31,대전,두산,한화,승,정규시즌,18:30
2017/05/31,대구,롯데,삼성,승,정규시즌,18:30
2017/05/31,마산,기아,NC,패,정규시즌,18:30
2017/05/31,수원,SK,KT,패,정규시즌,18:30
2017/06/01,잠실,넥센,LG,승,정규시즌,18:30
2017/06/01,대전,두산,한화,패,정규시즌,18:30
2017/06/01,대구,롯데,삼성,승,정규시즌,18:30
2017/06/01,마산,기아,NC,승,정규시즌,18:30
2017/06/01,수원,SK,KT,패,정규시즌,18:30
2017/06/02,고척,두산,넥센,패,정규시즌,18:30
2017/06/02,잠실,NC,LG,패,정규시즌,18:30
2017/06/02,대전,SK,한화,승,정규시즌,18:30
2017/06/02,대구,기아,삼성,승,정규시즌,18:30
2017/06/02,사직,KT,롯데,패,정규시즌,18:30
2017/06/03,고척,두산,넥센,승,정규시즌,17:00
2017/06/03,잠실,NC,LG,패,정규시즌,17:00
2017/06/03,대전,SK,한화,패,정규시즌,17:00
2017/06/03,대구,기아,삼성,승,정규시즌,17:00
2017/06/03,사직,KT,롯데,패,정규시즌,17:00
2017/06/04,고척,두산,넥센,패,정규시즌,17:00
2017/06/04,잠실,NC,LG,패,정규시즌,17:00
2017/06/04,대전,SK,한화,패,정규시즌,17:00
2017/06/04,대구,기아,삼성,패,정규시즌,17:00
2017/06/04,사직,KT,롯데,승,정규시즌,17:00
2017/06/06,잠실,삼성,두산,패,정규시즌,14:00
2017/06/06,문학,넥센,SK,승,정규시즌,14:00
2017/06/06,마산,롯데,NC,패,정규시즌,17:00
2017/06/07,잠실,삼성,두산,승,정규시즌,18:30
2017/06/07,문학,넥센,SK,패,정규시즌,18:30
2017/06/07,광주,한화,기아,승,정규시즌,18:30
2017/06/07,마산,롯데,NC,승,정규시즌,18:30
2017/06/07,수원,LG,KT,패,정규시즌,18:30
2017/06/08,잠실,삼성,두산,승,정규시즌,18:30
2017/06/08,문학,넥센,SK,패,정규시즌,18:30
2017/06/08,광주,한화,기아,승,정규시즌,18:30
2017/06/08,마산,롯데,NC,승,정규시즌,18:30
2017/06/08,수원,LG,KT,패,정규시즌,18:30
2017/06/09,잠실,SK,LG,승,정규시즌,18:30
2017/06/09,대전,삼성,한화,패,정규시즌,18:30
2017/06/09,광주,넥센,기아,패,정규시즌,18:30
2017/06/09,마산,KT,NC,승,정규시즌,18:30
2017/06/09,울산,두산,롯데,패,정규시즌,18:30
2017/06/10,잠실,SK,LG,패,정규시즌,17:00
2017/06/10,대전,삼성,한화,승,정규시즌,17:00
2017/06/10,광주,넥센,기아,패,정규시즌,17:00
2017/06/10,마산,KT,NC,승,정규시즌,17:00
2017/06/10,울산,두산,롯데,승,정규시즌,17:00
2017/06/11,잠실,SK,LG,승,정규시즌,17:00
2017/06/11,대전,삼성,한화,패,정규시즌,17:00
2017/06/11,광주,넥센,기아,승,정규시즌,17:00
2017/06/11,마산,KT,NC,승,정규시즌,17:00
2017/06/11,울산,두산,롯데,승,정규시즌,17:00
2017/06/13,고척,NC,넥센,패,정규시즌,18:30
2017/06/13,잠실,LG,두산,승,정규시즌,18:30
2017/06/13,문학,한화,SK,패,정규시즌,18:30
2017/06/13,사직,기아,롯데,패,정규시즌,18:30
2017/06/13,포항,KT,삼성,승,정규시즌,18:30
2017/06/14,고척,NC,넥센,승,정규시즌,18:30
2017/06/14,잠실,LG,두산,패,정규시즌,18:30
2017/06/14,문학,한화,SK,승,정규시즌,18:30
2017/06/14,사직,기아,롯데,패,정규시즌,18:30
2017/06/14,포항,KT,삼성,패,정규시즌,18:30
2017/06/15,고척,NC,넥센,패,정규시즌,18:30
2017/06/15,잠실,LG,두산,패,정규시즌,18:30
2017/06/15,문학,한화,SK,승,정규시즌,18:30
2017/06/15,사직,기아,롯데,패,정규시즌,18:30
2017/06/15,포항,KT,삼성,승,정규시즌,18:30
2017/06/16,고척,롯데,넥센,승,정규시즌,18:30
2017/06/16,잠실,NC,두산,패,정규시즌,18:30
2017/06/16,대구,SK,삼성,패,정규시즌,18:30
2017/06/16,광주,LG,기아,패,정규시즌,18:30
2017/06/16,수원,한화,KT,패,정규시즌,18:30
2017/06/17,고척,롯데,넥센,승,정규시즌,17:00
2017/06/17,잠실,NC,두산,승,정규시즌,17:00
2017/06/17,대구,SK,삼성,패,정규시즌,17:00
2017/06/17,광주,LG,기아,승,정규시즌,17:00
2017/06/17,수원,한화,KT,패,정규시즌,17:00
2017/06/18,고척,롯데,넥센,승,정규시즌,17:00
2017/06/18,잠실,NC,두산,승,정규시즌,17:00
2017/06/18,대구,SK,삼성,승,정규시즌,17:00
2017/06/18,광주,LG,기아,패,정규시즌,17:00
2017/06/18,수원,한화,KT,패,정규시즌,17:00
2017/06/20,잠실,삼성,LG,승,정규시즌,18:30
2017/06/20,문학,NC,SK,승,정규시즌,18:30
2017/06/20,대전,넥센,한화,승,정규시즌,18:30
2017/06/20,수원,롯데,KT,패,정규시즌,18:30
2017/06/21,잠실,삼성,LG,패,정규시즌,18:30
2017/06/21,문학,NC,SK,패,정규시즌,18:30
2017/06/21,대전,넥센,한화,패,정규시즌,18:30
2017/06/21,광주,두산,기아,승,정규시즌,18:30
2017/06/21,수원,롯데,KT,패,정규시즌,18:30
2017/06/22,잠실,삼성,LG,패,정규시즌,18:30
2017/06/22,문학,NC,SK,승,정규시즌,18:30
2017/06/22,대전,넥센,한화,승,정규시즌,18:30
2017/06/22,광주,두산,기아,승,정규시즌,18:30
2017/06/22,수원,롯데,KT,승,정규시즌,18:30
2017/06/23,고척,LG,넥센,승,정규시즌,18:30
2017/06/23,잠실,롯데,두산,승,정규시즌,18:30
2017/06/23,문학,KT,SK,승,정규시즌,18:30
2017/06/23,대구,한화,삼성,승,정규시즌,18:30
2017/06/23,마산,기아,NC,승,정규시즌,18:30
2017/06/24,고척,LG,넥센,패,정규시즌,17:00
2017/06/24,잠실,롯데,두산,패,정규시즌,17:00
2017/06/24,문학,KT,SK,승,정규시즌,17:00
2017/06/24,대구,한화,삼성,승,정규시즌,17:00
2017/06/24,마산,기아,NC,승,정규시즌,17:00
2017/06/25,고척,LG,넥센,승,정규시즌,17:00
2017/06/25,잠실,롯데,두산,패,정규시즌,17:00
2017/06/25,문학,KT,SK,승,정규시즌,17:00
2017/06/25,대구,한화,삼성,무,정규시즌,17:00
2017/06/25,마산,기아,NC,승,정규시즌,17:00
2017/06/27,잠실,SK,두산,패,정규시즌,18:30
2017/06/27,광주,삼성,기아,승,정규시즌,18:30
2017/06/27,사직,LG,롯데,승,정규시즌,18:30
2017/06/27,청주,KT,한화,승,정규시즌,18:30
2017/06/27,마산,넥센,NC,승,정규시즌,18:30
2017/06/28,잠실,SK,두산,패,정규시즌,18:30
2017/06/28,광주,삼성,기아,승,정규시즌,18:30
2017/06/28,사직,LG,롯데,무,정규시즌,18:30
2017/06/28,청주,KT,한화,패,정규시즌,18:30
2017/06/28,마산,넥센,NC,승,정규시즌,18:30
2017/06/29,잠실,SK,두산,승,정규시즌,18:30
2017/06/29,광주,삼성,기아,승,정규시즌,18:30
2017/06/29,청주,KT,한화,승,정규시즌,18:30
2017/06/30,잠실,기아,LG,패,정규시즌,18:30
2017/06/30,문학,삼성,SK,승,정규시즌,18:30
2017/06/30,대전,두산,한화,승,정규시즌,18:30
2017/06/30,사직,NC,롯데,승,정규시즌,18:30
2017/06/30,수원,넥센,KT,패,정규시즌,18:30
2017/07/01,잠실,기아,LG,패,정규시즌,18:00
2017/07/01,문학,삼성,SK,패,정규시즌,18:00
2017/07/01,대전,두산,한화,승,정규시즌,18:00
2017/07/01,사직,NC,롯데,승,정규시즌,18:00
2017/07/02,잠실,기아,LG,패,정규시즌,18:00
2017/07/02,문학,삼성,SK,승,정규시즌,18:00
2017/07/02,사직,NC,롯데,승,정규시즌,18:00
2017/07/02,수원,넥센,KT,패,정규시즌,18:00
2017/07/04,고척,한화,넥센,승,정규시즌,18:30
2017/07/04,잠실,KT,두산,승,정규시즌,18:30
2017/07/04,문학,기아,SK,패,정규시즌,18:30
2017/07/04,포항,롯데,삼성,승,정규시즌,18:30
2017/07/05,고척,한화,넥센,승,정규시즌,18:30
2017/07/05,잠실,KT,두산,승,정규시즌,18:30
2017/07/05,문학,기아,SK,승,정규시즌,18:30
2017/07/05,마산,LG,NC,패,정규시즌,18:30
2017/07/05,포항,롯데,삼성,승,정규시즌,18:30
2017/07/06,고척,한화,넥센,승,정규시즌,18:30
2017/07/06,문학,기아,SK,패,정규시즌,18:30
2017/07/06,포항,롯데,삼성,패,정규시즌,18:30
2017/07/07,대구,넥센,삼성,패,정규시즌,18:30
2017/07/07,사직,SK,롯데,패,정규시즌,18:30
2017/07/07,마산,두산,NC,패,정규시즌,18:30
2017/07/08,잠실,한화,LG,패,정규시즌,18:00
2017/07/08,대구,넥센,삼성,패,정규시즌,18:00
2017/07/08,사직,SK,롯데,승,정규시즌,18:00
2017/07/08,수원,기아,KT,패,정규시즌,18:00
2017/07/09,잠실,한화,LG,승,정규시즌,18:00
2017/07/09,대구,넥센,삼성,승,정규시즌,18:00
2017/07/09,사직,SK,롯데,패,정규시즌,18:00
2017/07/09,마산,두산,NC,승,정규시즌,18:00
2017/07/11,잠실,넥센,두산,패,정규시즌,18:30
2017/07/11,문학,LG,SK,승,정규시즌,18:30
2017/07/11,대전,롯데,한화,패,정규시즌,18:30
2017/07/11,광주,NC,기아,승,정규시즌,18:30
2017/07/11,수원,삼성,KT,패,정규시즌,18:30
2017/07/12,잠실,넥센,두산,승,정규시즌,18:30
2017/07/12,문학,LG,SK,패,정규시즌,18:30
2017/07/12,대전,롯데,한화,패,정규시즌,18:30
2017/07/12,광주,NC,기아,승,정규시즌,18:30
2017/07/12,수원,삼성,KT,패,정규시즌,18:30
2017/07/13,잠실,넥센,두산,승,정규시즌,18:30
2017/07/13,문학,LG,SK,패,정규시즌,18:30
2017/07/13,대전,롯데,한화,승,정규시즌,18:30
2017/07/13,광주,NC,기아,승,정규시즌,18:30
2017/07/13,수원,삼성,KT,승,정규시즌,18:30
2017/07/15,대구,드림,나눔,패,올스타전,18:00
2017/07/18,고척,기아,넥센,패,정규시즌,18:30
2017/07/18,잠실,KT,LG,승,정규시즌,18:30
2017/07/18,문학,두산,SK,패,정규시즌,18:30
2017/07/18,청주,NC,한화,패,정규시즌,18:30
2017/07/18,울산,삼성,롯데,승,정규시즌,18:30
2017/07/19,고척,기아,넥센,승,정규시즌,18:30
2017/07/19,잠실,KT,LG,승,정규시즌,18:30
2017/07/19,문학,두산,SK,승,정규시즌,18:30
2017/07/19,청주,NC,한화,패,정규시즌,18:30
2017/07/19,울산,삼성,롯데,패,정규시즌,18:30
2017/07/20,고척,기아,넥센,패,정규시즌,18:30
2017/07/20,잠실,KT,LG,승,정규시즌,18:30
2017/07/20,문학,두산,SK,패,정규시즌,18:30
2017/07/20,청주,NC,한화,패,정규시즌,18:30
2017/07/20,울산,삼성,롯데,무,정규시즌,18:30
2017/07/21,고척,KT,넥센,승,정규시즌,18:30
2017/07/21,잠실,한화,두산,승,정규시즌,18:30
2017/07/21,대구,LG,삼성,패,정규시즌,18:30
2017/07/21,광주,롯데,기아,패,정규시즌,18:30
2017/07/21,마산,SK,NC,승,정규시즌,18:30
2017/07/22,고척,KT,넥센,패,정규시즌,18:00
2017/07/22,잠실,한화,두산,승,정규시즌,18:00
2017/07/22,광주,롯데,기아,패,정규시즌,18:00
2017/07/22,마산,SK,NC,승,정규시즌,18:00
2017/07/23,고척,KT,넥센,승,정규시즌,18:00
2017/07/23,잠실,한화,두산,승,정규시즌,18:00
2017/07/23,대구,LG,삼성,승,정규시즌,18:00
2017/07/23,광주,롯데,기아,패,정규시즌,18:00
2017/07/23,마산,SK,NC,승,정규시즌,18:00
2017/07/25,잠실,넥센,LG,패,정규시즌,18:30
2017/07/25,대구,NC,삼성,승,정규시즌,18:30
2017/07/25,광주,SK,기아,승,정규시즌,18:30
2017/07/25,수원,두산,KT,패,정규시즌,18:30
2017/07/26,잠실,넥센,LG,승,정규시즌,18:30
2017/07/26,대구,NC,삼성,승,정규시즌,18:30
2017/07/26,광주,SK,기아,승,정규시즌,18:30
2017/07/26,사직,한화,롯데,승,정규시즌,18:30
2017/07/26,수원,두산,KT,패,정규시즌,18:30
2017/07/27,잠실,넥센,LG,승,정규시즌,18:30
2017/07/27,대구,NC,삼성,패,정규시즌,18:30
2017/07/27,광주,SK,기아,승,정규시즌,18:30
2017/07/27,사직,한화,롯데,패,정규시즌,18:30
2017/07/27,수원,두산,KT,패,정규시즌,18:30
2017/07/28,고척,삼성,넥센,패,정규시즌,18:30
2017/07/28,잠실,기아,두산,무,정규시즌,18:30
2017/07/28,문학,롯데,SK,승,정규시즌,18:30
2017/07/28,대전,LG,한화,승,정규시즌,18:30
2017/07/28,수원,NC,KT,패,정규시즌,18:30
2017/07/29,고척,삼성,넥센,승,정규시즌,18:00
2017/07/29,잠실,기아,두산,패,정규시즌,18:00
2017/07/29,문학,롯데,SK,승,정규시즌,18:00
2017/07/29,대전,LG,한화,패,정규시즌,18:00
2017/07/29,수원,NC,KT,승,정규시즌,18:00
2017/07/30,고척,삼성,넥센,승,정규시즌,18:00
2017/07/30,잠실,기아,두산,승,정규시즌,18:00
2017/07/30,문학,롯데,SK,패,정규시즌,18:00
2017/07/30,대전,LG,한화,패,정규시즌,18:00
2017/07/30,수원,NC,KT,패,정규시즌,18:00
2017/08/01,고척,SK,넥센,승,정규시즌,18:30
2017/08/01,잠실,롯데,LG,승,정규시즌,18:30
2017/08/01,대구,두산,삼성,패,정규시즌,18:30
2017/08/01,광주,KT,기아,패,정규시즌,18:30
2017/08/01,마산,한화,NC,승,정규시즌,18:30
2017/08/02,고척,SK,넥센,승,정규시즌,18:30
2017/08/02,잠실,롯데,LG,승,정규시즌,18:30
2017/08/02,대구,두산,삼성,패,정규시즌,18:30
2017/08/02,마산,한화,NC,패,정규시즌,18:30
2017/08/03,고척,SK,넥센,승,정규시즌,18:30
2017/08/03,잠실,롯데,LG,승,정규시즌,18:30
2017/08/03,대구,두산,삼성,패,정규시즌,18:30
2017/08/03,광주,KT,기아,승,정규시즌,18:30
2017/08/03,마산,한화,NC,승,정규시즌,18:30
2017/08/04,잠실,두산,LG,패,정규시즌,18:30
2017/08/04,대전,기아,한화,승,정규시즌,18:30
2017/08/04,사직,넥센,롯데,승,정규시즌,18:30
2017/08/04,마산,삼성,NC,패,정규시즌,18:30
2017/08/04,수원,SK,KT,패,정규시즌,18:30
2017/08/05,잠실,두산,LG,패,정규시즌,18:00
2017/08/05,대전,기아,한화,패,정규시즌,18:00
2017/08/05,사직,넥센,롯데,승,정규시즌,18:00
2017/08/05,마산,삼성,NC,패,정규시즌,18:00
2017/08/05,수원,SK,KT,승,정규시즌,18:00
2017/08/06,잠실,두산,LG,패,정규시즌,18:00
2017/08/06,사직,넥센,롯데,승,정규시즌,18:00
2017/08/06,마산,삼성,NC,승,정규시즌,18:00
2017/08/06,수원,SK,KT,승,정규시즌,18:00
2017/08/08,잠실,한화,두산,승,정규시즌,18:30
2017/08/08,문학,NC,SK,승,정규시즌,18:30
2017/08/08,대구,LG,삼성,패,정규시즌,18:30
2017/08/08,광주,넥센,기아,패,정규시즌,18:30
2017/08/08,사직,KT,롯데,승,정규시즌,18:30
2017/08/09,잠실,한화,두산,패,정규시즌,18:30
2017/08/09,문학,NC,SK,패,정규시즌,18:30
2017/08/09,대구,LG,삼성,승,정규시즌,18:30
2017/08/09,광주,넥센,기아,승,정규시즌,18:30
2017/08/09,사직,KT,롯데,승,정규시즌,18:30
2017/08/10,고척,두산,넥센,패,정규시즌,18:30
2017/08/10,잠실,SK,LG,패,정규시즌,18:30
2017/08/10,마산,롯데,NC,승,정규시즌,18:30
2017/08/11,고척,두산,넥센,승,정규시즌,18:30
2017/08/11,잠실,SK,LG,승,정규시즌,18:30
2017/08/11,대전,삼성,한화,승,정규시즌,18:30
2017/08/11,마산,롯데,NC,패,정규시즌,18:30
2017/08/11,수원,기아,KT,승,정규시즌,18:30
2017/08/12,고척,한화,넥센,패,정규시즌,18:00
2017/08/12,잠실,NC,두산,승,정규시즌,18:00
2017/08/12,문학,KT,SK,승,정규시즌,18:00
2017/08/12,대구,롯데,삼성,승,정규시즌,18:00
2017/08/12,광주,LG,기아,승,정규시즌,18:00
2017/08/13,고척,한화,넥센,승,정규시즌,18:00
2017/08/13,잠실,NC,두산,승,정규시즌,18:00
2017/08/13,문학,KT,SK,패,정규시즌,18:00
2017/08/13,대구,롯데,삼성,패,정규시즌,18:00
2017/08/15,광주,NC,기아,승,정규시즌,18:00
2017/08/15,사직,두산,롯데,승,정규시즌,18:00
2017/08/16,잠실,KT,LG,승,정규시즌,18:30
2017/08/16,대전,SK,한화,승,정규시즌,18:30
2017/08/16,대구,넥센,삼성,패,정규시즌,18:30
2017/08/16,광주,NC,기아,승,정규시즌,18:30
2017/08/16,사직,두산,롯데,승,정규시즌,18:30
2017/08/17,고척,롯데,넥센,패,정규시즌,18:30
2017/08/17,잠실,기아,두산,승,정규시즌,18:30
2017/08/17,문학,LG,SK,승,정규시즌,18:30
2017/08/17,마산,한화,NC,승,정규시즌,18:30
2017/08/17,수원,삼성,KT,패,정규시즌,18:30
2017/08/18,고척,롯데,넥센,패,정규시즌,18:30
2017/08/18,잠실,기아,두산,승,정규시즌,18:30
2017/08/18,문학,LG,SK,승,정규시즌,18:30
2017/08/18,마산,한화,NC,패,정규시즌,18:30
2017/08/18,수원,삼성,KT,패,정규시즌,18:30
2017/08/19,고척,NC,넥센,승,정규시즌,18:00
2017/08/19,잠실,삼성,LG,승,정규시즌,18:00
2017/08/19,대전,롯데,한화,승,정규시즌,18:00
2017/08/19,광주,SK,기아,패,정규시즌,18:00
2017/08/19,수원,두산,KT,패,정규시즌,18:00
2017/08/20,고척,NC,넥센,패,정규시즌,18:00
2017/08/20,대전,롯데,한화,패,정규시즌,18:00
2017/08/20,수원,두산,KT,승,정규시즌,18:00
2017/08/22,고척,삼성,넥센,승,정규시즌,18:30
2017/08/22,잠실,NC,LG,패,정규시즌,18:30
2017/08/22,문학,두산,SK,패,정규시즌,18:30
2017/08/22,광주,롯데,기아,패,정규시즌,18:30
2017/08/22,수원,한화,KT,패,정규시즌,18:30
2017/08/23,고척,삼성,넥센,승,정규시즌,18:30
2017/08/23,잠실,NC,LG,승,정규시즌,18:30
2017/08/23,문학,두산,SK,패,정규시즌,18:30
2017/08/23,광주,롯데,기아,패,정규시즌,18:30
2017/08/23,수원,한화,KT,패,정규시즌,18:30
2017/08/24,잠실,넥센,두산,승,정규시즌,18:30
2017/08/24,대구,SK,삼성,패,정규시즌,18:30
2017/08/24,사직,LG,롯데,승,정규시즌,18:30
2017/08/24,마산,KT,NC,승,정규시즌,18:30
2017/08/25,잠실,넥센,두산,승,정규시즌,18:30
2017/08/25,대전,기아,한화,승,정규시즌,18:30
2017/08/25,대구,SK,삼성,패,정규시즌,18:30
2017/08/25,사직,LG,롯데,승,정규시즌,18:30
2017/08/25,마산,KT,NC,승,정규시즌,18:30
2017/08/26,잠실,LG,두산,승,정규시즌,18:00
2017/08/26,문학,한화,SK,승,정규시즌,18:00
2017/08/26,대구,KT,삼성,승,정규시즌,18:00
2017/08/26,사직,넥센,롯데,승,정규시즌,18:00
2017/08/26,마산,기아,NC,패,정규시즌,18:00
2017/08/27,잠실,LG,두산,무,정규시즌,18:00
2017/08/27,문학,한화,SK,승,정규시즌,18:00
2017/08/27,대구,KT,삼성,패,정규시즌,18:00
2017/08/27,사직,넥센,롯데,패,정규시즌,18:00
2017/08/27,마산,기아,NC,승,정규시즌,18:00
2017/08/29,고척,SK,넥센,승,정규시즌,18:30
2017/08/29,잠실,롯데,두산,승,정규시즌,18:30
2017/08/29,대전,LG,한화,승,정규시즌,18:30
2017/08/29,대구,기아,삼성,패,정규시즌,18:30
2017/08/29,수원,NC,KT,패,정규시즌,18:30
2017/08/30,고척,SK,넥센,승,정규시즌,18:30
2017/08/30,잠실,롯데,두산,패,정규시즌,18:30
2017/08/30,대전,LG,한화,패,정규시즌,18:30
2017/08/30,대구,기아,삼성,패,정규시즌,18:30
2017/08/30,수원,NC,KT,승,정규시즌,18:30
2017/08/31,잠실,넥센,LG,패,정규시즌,18:30
2017/08/31,문학,삼성,SK,승,정규시즌,18:30
2017/08/31,대전,KT,한화,승,정규시즌,18:30
2017/08/31,광주,두산,기아,승,정규시즌,18:30
2017/08/31,사직,NC,롯데,승,정규시즌,18:30
2017/09/01,잠실,넥센,LG,승,정규시즌,18:30
2017/09/01,문학,삼성,SK,승,정규시즌,18:30
2017/09/01,대전,KT,한화,패,정규시즌,18:30
2017/09/01,광주,두산,기아,승,정규시즌,18:30
2017/09/01,사직,NC,롯데,승,정규시즌,18:30
2017/09/02,고척,기아,넥센,패,정규시즌,17:00
2017/09/02,잠실,삼성,두산,패,정규시즌,17:00
2017/09/02,사직,한화,롯데,승,정규시즌,17:00
2017/09/02,마산,LG,NC,승,정규시즌,17:00
2017/09/02,수원,SK,KT,패,정규시즌,17:00
2017/09/03,고척,기아,넥센,승,정규시즌,14:00
2017/09/03,잠실,삼성,두산,승,정규시즌,14:00
2017/09/03,사직,한화,롯데,승,정규시즌,14:00
2017/09/03,마산,LG,NC,승,정규시즌,14:00
2017/09/03,수원,SK,KT,승,정규시즌,14:00
2017/09/05,잠실,기아,LG,승,정규시즌,18:30
2017/09/05,문학,롯데,SK,승,정규시즌,18:30
2017/09/05,대전,두산,한화,승,정규시즌,18:30
2017/09/05,대구,NC,삼성,승,정규시즌,18:30
2017/09/05,수원,넥센,KT,승,정규시즌,18:30
2017/09/06,잠실,기아,LG,승,정규시즌,18:30
2017/09/06,대전,두산,한화,패,정규시즌,18:30
2017/09/06,수원,넥센,KT,승,정규시즌,18:30
2017/09/07,고척,LG,넥센,무,정규시즌,18:30
2017/09/07,잠실,KT,두산,패,정규시즌,18:30
2017/09/07,광주,한화,기아,패,정규시즌,18:30
2017/09/07,사직,삼성,롯데,패,정규시즌,18:30
2017/09/07,마산,SK,NC,승,정규시즌,18:30
2017/09/08,고척,LG,넥센,패,정규시즌,18:30
2017/09/08,잠실,KT,두산,승,정규시즌,18:30
2017/09/08,광주,한화,기아,승,정규시즌,18:30
2017/09/08,사직,삼성,롯데,승,정규시즌,18:30
2017/09/08,마산,SK,NC,승,정규시즌,18:30
2017/09/09,잠실,두산,LG,승,정규시즌,17:00
2017/09/09,문학,넥센,SK,승,정규시즌,17:00
2017/09/09,대전,NC,한화,승,정규시즌,17:00
2017/09/09,광주,삼성,기아,승,정규시즌,17:00
2017/09/09,수원,롯데,KT,승,정규시즌,17:00
2017/09/10,잠실,두산,LG,패,정규시즌,14:00
2017/09/10,문학,넥센,SK,승,정규시즌,14:00
2017/09/10,대전,NC,한화,패,정규시즌,14:00
2017/09/10,광주,삼성,기아,패,정규시즌,14:00
2017/09/10,수원,롯데,KT,패,정규시즌,14:00
2017/09/12,고척,KT,넥센,패,정규시즌,18:30
2017/09/12,잠실,롯데,LG,패,정규시즌,18:30
2017/09/12,문학,기아,SK,패,정규시즌,18:30
2017/09/12,대구,한화,삼성,패,정규시즌,18:30
2017/09/12,마산,두산,NC,패,정규시즌,18:30
2017/09/13,고척,KT,넥센,승,정규시즌,18:30
2017/09/13,잠실,롯데,LG,승,정규시즌,18:30
2017/09/13,문학,기아,SK,승,정규시즌,18:30
2017/09/13,대구,한화,삼성,승,정규시즌,18:30
2017/09/13,마산,두산,NC,패,정규시즌,18:30
2017/09/14,잠실,SK,두산,패,정규시즌,18:30
2017/09/14,대전,넥센,한화,승,정규시즌,18:30
2017/09/14,사직,기아,롯데,패,정규시즌,18:30
2017/09/14,마산,삼성,NC,무,정규시즌,18:30
2017/09/14,수원,LG,KT,승,정규시즌,18:30
2017/09/15,잠실,SK,두산,패,정규시즌,18:30
2017/09/15,대전,넥센,한화,승,정규시즌,18:30
2017/09/15,사직,기아,롯데,승,정규시즌,18:30
2017/09/15,마산,삼성,NC,패,정규시즌,18:30
2017/09/15,수원,LG,KT,승,정규시즌,18:30
2017/09/16,잠실,한화,LG,패,정규시즌,17:00
2017/09/16,대구,두산,삼성,패,정규시즌,17:00
2017/09/16,광주,KT,기아,승,정규시즌,17:00
2017/09/16,사직,SK,롯데,승,정규시즌,17:00
2017/09/16,마산,넥센,NC,승,정규시즌,17:00
2017/09/17,잠실,한화,LG,승,정규시즌,14:00
2017/09/17,대구,두산,삼성,패,정규시즌,14:00
2017/09/17,광주,KT,기아,승,정규시즌,14:00
2017/09/17,사직,SK,롯데,승,정규시즌,14:00
2017/09/17,마산,넥센,NC,패,정규시즌,14:00
2017/09/19,잠실,KT,LG,패,정규시즌,18:30
2017/09/19,광주,SK,기아,패,정규시즌,18:30
2017/09/19,사직,두산,롯데,패,정규시즌,18:30
2017/09/20,잠실,한화,LG,패,정규시즌,18:30
2017/09/20,광주,SK,기아,패,정규시즌,18:30
2017/09/20,마산,두산,NC,패,정규시즌,18:30
2017/09/21,대구,LG,삼성,승,정규시즌,18:30
2017/09/21,수원,넥센,KT,패,정규시즌,18:30
2017/09/22,대전,롯데,한화,패,정규시즌,18:30
2017/09/22,대구,LG,삼성,패,정규시즌,18:30
2017/09/22,광주,두산,기아,패,정규시즌,18:30
2017/09/23,대전,삼성,한화,승,정규시즌,17:00
2017/09/23,광주,KT,기아,승,정규시즌,17:00
2017/09/23,사직,넥센,롯데,승,정규시즌,17:00
2017/09/23,마산,LG,NC,패,정규시즌,17:00
2017/09/24,잠실,KT,두산,승,정규시즌,14:00
2017/09/24,광주,한화,기아,패,정규시즌,14:00
2017/09/24,마산,LG,NC,승,정규시즌,14:00
2017/09/26,광주,LG,기아,승,정규시즌,18:30
2017/09/26,사직,한화,롯데,승,정규시즌,18:30
2017/09/27,대구,NC,삼성,패,정규시즌,18:30
2017/09/27,수원,두산,KT,승,정규시즌,18:30
2017/09/28,대전,기아,한화,패,정규시즌,18:30
2017/09/28,수원,LG,KT,패,정규시즌,18:30
2017/09/29,잠실,두산,LG,패,정규시즌,18:30
2017/09/29,문학,롯데,SK,패,정규시즌,18:30
2017/09/29,대전,기아,한화,패,정규시즌,18:30
2017/09/29,마산,넥센,NC,승,정규시즌,18:30
2017/09/30,잠실,삼성,LG,승,정규시즌,17:00
2017/09/30,대전,SK,한화,패,정규시즌,17:00
2017/09/30,마산,넥센,NC,승,정규시즌,17:00
2017/10/01,잠실,삼성,LG,패,정규시즌,14:00
2017/10/01,대전,두산,한화,패,정규시즌,14:00
2017/10/01,수원,기아,KT,승,정규시즌,14:00
2017/10/02,수원,기아,KT,패,정규시즌,14:00
2017/10/03,잠실,SK,두산,패,정규시즌,14:00
2017/10/03,수원,기아,KT,패,정규시즌,14:00
2017/10/03,대전,NC,한화,무,정규시즌,15:00
2017/10/03,사직,LG,롯데,승,정규시즌,15:00
2017/10/03,대구,넥센,삼성,승,정규시즌,17:00
2017/10/05,마산,SK,NC,승,와일드카드,14:00
2017/10/08,사직,NC,롯데,패,준플레이오프,14:00
2017/10/09,사직,NC,롯데,승,준플레이오프,14:00
2017/10/11,마산,롯데,NC,승,준플레이오프,18:30
2017/10/13,마산,롯데,NC,패,준플레이오프,18:30
2017/10/15,사직,NC,롯데,패,준플레이오프,14:00
2017/10/17,잠실,NC,두산,패,플레이오프,18:30
2017/10/18,잠실,NC,두산,승,플레이오프,18:30
2017/10/20,마산,두산,NC,패,플레이오프,18:30
2017/10/21,마산,두산,NC,패,플레이오프,14:00
2017/10/25,광주,두산,기아,패,한국시리즈,18:30
2017/10/26,광주,두산,기아,승,한국시리즈,18:30
2017/10/28,잠실,기아,두산,패,한국시리즈,14:00
2017/10/29,잠실,기아,두산,패,한국시리즈,14:00
2017/10/30,잠실,기아,두산,패,한국시리즈,18:30
2018/03/13,대전,넥센,한화,패,시범경기,13:00
2018/03/13,광주,두산,기아,승,시범경기,13:00
2018/03/13,사직,LG,롯데,패,시범경기,13:00
2018/03/13,마산,SK,NC,패,시범경기,13:00
2018/03/13,수원,삼성,KT,승,시범경기,13:00
2018/03/14,대전,넥센,한화,승,시범경기,13:00
2018/03/14,광주,두산,기아,패,시범경기,13:00
2018/03/14,사직,LG,롯데,패,시범경기,13:00
2018/03/14,마산,SK,NC,패,시범경기,13:00
2018/03/14,수원,삼성,KT,승,시범경기,13:00
2018/03/16,대전,KT,한화,패,시범경기,13:00
2018/03/16,대구,SK,삼성,패,시범경기,13:00
2018/03/16,광주,넥센,기아,승,시범경기,13:00
2018/03/16,사직,두산,롯데,승,시범경기,13:00
2018/03/16,마산,LG,NC,승,시범경기,13:00
2018/03/17,잠실,LG,두산,승,시범경기,13:00
2018/03/17,문학,넥센,SK,승,시범경기,13:00
2018/03/17,대전,NC,한화,승,시범경기,13:00
2018/03/17,대구,기아,삼성,패,시범경기,13:00
2018/03/17,수원,롯데,KT,패,시범경기,13:00
2018/03/18,문학,넥센,SK,무,시범경기,13:00
2018/03/18,대전,NC,한화,승,시범경기,13:00
2018/03/18,대구,기아,삼성,패,시범경기,13:00
2018/03/18,수원,롯데,KT,승,시범경기,13:00
2018/03/18,잠실,두산,LG,승,시범경기,14:00
2018/03/20,고척,LG,넥센,패,시범경기,13:00
2018/03/20,잠실,한화,두산,승,시범경기,13:00
2018/03/20,문학,KT,SK,패,시범경기,13:00
2018/03/20,대구,NC,삼성,승,시범경기,17:00
2018/03/21,고척,LG,넥센,승,시범경기,13:00
2018/03/24,고척,한화,넥센,승,정규시즌,14:00
2018/03/24,잠실,삼성,두산,패,정규시즌,14:00
2018/03/24,문학,롯데,SK,승,정규시즌,14:00
2018/03/24,광주,KT,기아,패,정규시즌,14:00
2018/03/24,마산,LG,NC,승,정규시즌,14:00
2018/03/25,고척,한화,넥센,패,정규시즌,14:00
2018/03/25,잠실,삼성,두산,승,정규시즌,14:00
2018/03/25,문학,롯데,SK,승,정규시즌,14:00
2018/03/25,광주,KT,기아,승,정규시즌,14:00
2018/03/25,마산,LG,NC,승,정규시즌,14:00
2018/03/27,고척,LG,넥센,승,정규시즌,18:30
2018/03/27,잠실,롯데,두산,승,정규시즌,18:30
2018/03/27,문학,KT,SK,승,정규시즌,18:30
2018/03/27,광주,삼성,기아,승,정규시즌,18:30
2018/03/27,마산,한화,NC,승,정규시즌,18:30
2018/03/28,고척,LG,넥센,패,정규시즌,18:30
2018/03/28,잠실,롯데,두산,승,정규시즌,18:30
2018/03/28,문학,KT,SK,패,정규시즌,18:30
2018/03/28,광주,삼성,기아,패,정규시즌,18:30
2018/03/28,마산,한화,NC,패,정규시즌,18:30
2018/03/29,고척,LG,넥센,승,정규시즌,18:30
2018/03/29,잠실,롯데,두산,승,정규시즌,18:30
2018/03/29,문학,KT,SK,패,정규시즌,18:30
2018/03/29,광주,삼성,기아,승,정규시즌,18:30
2018/03/29,마산,한화,NC,승,정규시즌,18:30
2018/03/30,잠실,기아,LG,패,정규시즌,18:30
2018/03/30,대전,SK,한화,패,정규시즌,18:30
2018/03/30,대구,넥센,삼성,패,정규시즌,18:30
2018/03/30,사직,NC,롯데,패,정규시즌,18:30
2018/03/30,수원,두산,KT,패,정규시즌,19:00
2018/03/31,잠실,기아,LG,승,정규시즌,17:00
2018/03/31,대전,SK,한화,패,정규시즌,17:00
2018/03/31,대구,넥센,삼성,패,정규시즌,17:00
2018/03/31,사직,NC,롯데,패,정규시즌,17:00
2018/03/31,수원,두산,KT,승,정규시즌,17:00
2018/04/01,잠실,기아,LG,승,정규시즌,14:00
2018/04/01,대전,SK,한화,패,정규시즌,14:00
2018/04/01,대구,넥센,삼성,승,정규시즌,14:00
2018/04/01,사직,NC,롯데,승,정규시즌,14:00
2018/04/01,수원,두산,KT,승,정규시즌,14:00
2018/04/03,고척,KT,넥센,패,정규시즌,18:30
2018/04/03,잠실,LG,두산,승,정규시즌,18:30
2018/04/03,문학,기아,SK,승,정규시즌,18:30
2018/04/03,대전,롯데,한화,승,정규시즌,18:30
2018/04/03,마산,삼성,NC,승,정규시즌,18:30
2018/04/04,고척,KT,넥센,승,정규시즌,18:30
2018/04/04,잠실,LG,두산,승,정규시즌,18:30
2018/04/04,문학,기아,SK,패,정규시즌,18:30
2018/04/04,대전,롯데,한화,승,정규시즌,18:30
2018/04/04,마산,삼성,NC,승,정규시즌,18:30
2018/04/05,고척,KT,넥센,승,정규시즌,18:30
2018/04/05,마산,삼성,NC,패,정규시즌,18:30
2018/04/06,광주,넥센,기아,승,정규시즌,18:30
2018/04/06,사직,LG,롯데,패,정규시즌,18:30
2018/04/07,잠실,NC,두산,승,정규시즌,17:00
2018/04/07,문학,삼성,SK,승,정규시즌,17:00
2018/04/07,광주,넥센,기아,승,정규시즌,17:00
2018/04/07,사직,LG,롯데,승,정규시즌,17:00
2018/04/07,수원,한화,KT,승,정규시즌,17:00
2018/04/08,잠실,NC,두산,승,정규시즌,14:00
2018/04/08,문학,삼성,SK,패,정규시즌,14:00
2018/04/08,광주,넥센,기아,승,정규시즌,14:00
2018/04/08,사직,LG,롯데,패,정규시즌,14:00
2018/04/08,수원,한화,KT,패,정규시즌,14:00
2018/04/10,잠실,SK,LG,패,정규시즌,18:30
2018/04/10,대전,기아,한화,승,정규시즌,18:30
2018/04/10,대구,두산,삼성,패,정규시즌,18:30
2018/04/10,마산,KT,NC,패,정규시즌,18:30
2018/04/10,울산,넥센,롯데,승,정규시즌,18:30
2018/04/11,잠실,SK,LG,승,정규시즌,18:30
2018/04/11,대전,기아,한화,승,정규시즌,18:30
2018/04/11,대구,두산,삼성,패,정규시즌,18:30
2018/04/11,마산,KT,NC,패,정규시즌,18:30
2018/04/11,울산,넥센,롯데,승,정규시즌,18:30
2018/04/12,잠실,SK,LG,승,정규시즌,18:30
2018/04/12,대전,기아,한화,승,정규시즌,18:30
2018/04/12,대구,두산,삼성,패,정규시즌,18:30
2018/04/12,마산,KT,NC,패,정규시즌,18:30
2018/04/12,울산,넥센,롯데,패,정규시즌,18:30
2018/04/13,고척,두산,넥센,패,정규시즌,18:30
2018/04/13,잠실,KT,LG,승,정규시즌,18:30
2018/04/13,문학,NC,SK,승,정규시즌,18:30
2018/04/13,대전,삼성,한화,패,정규시즌,18:30
2018/04/13,광주,롯데,기아,패,정규시즌,18:30
2018/04/14,고척,두산,넥센,승,정규시즌,17:00
2018/04/14,잠실,KT,LG,승,정규시즌,17:00
2018/04/14,문학,NC,SK,승,정규시즌,17:00
2018/04/14,대전,삼성,한화,승,정규시즌,17:00
2018/04/15,고척,두산,넥센,패,정규시즌,14:00
2018/04/15,잠실,KT,LG,승,정규시즌,14:00
2018/04/15,문학,NC,SK,승,정규시즌,14:00
2018/04/15,대전,삼성,한화,승,정규시즌,14:00
2018/04/17,고척,NC,넥센,패,정규시즌,18:30
2018/04/17,잠실,한화,두산,패,정규시즌,18:30
2018/04/17,광주,LG,기아,승,정규시즌,18:30
2018/04/17,사직,삼성,롯데,패,정규시즌,18:30
2018/04/17,수원,SK,KT,패,정규시즌,18:30
2018/04/18,고척,NC,넥센,패,정규시즌,18:30
2018/04/18,잠실,한화,두산,승,정규시즌,18:30
2018/04/18,광주,LG,기아,승,정규시즌,18:30
2018/04/18,사직,삼성,롯데,승,정규시즌,18:30
2018/04/18,수원,SK,KT,패,정규시즌,18:30
2018/04/19,고척,NC,넥센,승,정규시즌,18:30
2018/04/19,잠실,한화,두산,승,정규시즌,18:30
2018/04/19,광주,LG,기아,승,정규시즌,18:30
2018/04/19,사직,삼성,롯데,패,정규시즌,18:30
2018/04/19,수원,SK,KT,패,정규시즌,18:30
2018/04/20,잠실,기아,두산,승,정규시즌,18:30
2018/04/20,대전,넥센,한화,패,정규시즌,18:30
2018/04/20,대구,KT,삼성,패,정규시즌,18:30
2018/04/20,사직,SK,롯데,승,정규시즌,18:30
2018/04/20,마산,LG,NC,패,정규시즌,18:30
2018/04/21,잠실,기아,두산,승,정규시즌,17:00
2018/04/21,대전,넥센,한화,패,정규시즌,17:00
2018/04/21,대구,KT,삼성,승,정규시즌,17:00
2018/04/21,사직,SK,롯데,승,정규시즌,17:00
2018/04/21,마산,LG,NC,패,정규시즌,17:00
2018/04/22,잠실,기아,두산,패,정규시즌,14:00
2018/04/22,대전,넥센,한화,패,정규시즌,14:00
2018/04/22,대구,KT,삼성,패,정규시즌,14:00
2018/04/22,사직,SK,롯데,패,정규시즌,14:00
2018/04/22,마산,LG,NC,패,정규시즌,14:00
2018/04/24,잠실,넥센,LG,승,정규시즌,18:30
2018/04/24,문학,두산,SK,패,정규시즌,18:30
2018/04/24,대구,NC,삼성,승,정규시즌,18:30
2018/04/24,수원,롯데,KT,패,정규시즌,18:30
2018/04/25,잠실,넥센,LG,승,정규시즌,18:30
2018/04/25,문학,두산,SK,승,정규시즌,18:30
2018/04/25,대구,NC,삼성,패,정규시즌,18:30
2018/04/25,광주,한화,기아,패,정규시즌,18:30
2018/04/25,수원,롯데,KT,패,정규시즌,18:30
2018/04/26,잠실,넥센,LG,승,정규시즌,18:30
2018/04/26,문학,두산,SK,승,정규시즌,18:30
2018/04/26,대구,NC,삼성,패,정규시즌,18:30
2018/04/26,광주,한화,기아,패,정규시즌,18:30
2018/04/26,수원,롯데,KT,승,정규시즌,18:30
2018/04/27,고척,SK,넥센,패,정규시즌,18:30
2018/04/27,잠실,삼성,LG,승,정규시즌,18:30
2018/04/27,사직,한화,롯데,승,정규시즌,18:30
2018/04/27,마산,두산,NC,패,정규시즌,18:30
2018/04/27,수원,기아,KT,패,정규시즌,18:30
2018/04/28,고척,SK,넥센,패,정규시즌,17:00
2018/04/28,잠실,삼성,LG,승,정규시즌,17:00
2018/04/28,사직,한화,롯데,패,정규시즌,17:00
2018/04/28,마산,두산,NC,승,정규시즌,17:00
2018/04/28,수원,기아,KT,승,정규시즌,17:00
2018/04/29,고척,SK,넥센,승,정규시즌,14:00
2018/04/29,잠실,삼성,LG,패,정규시즌,14:00
2018/04/29,사직,한화,롯데,승,정규시즌,14:00
2018/04/29,마산,두산,NC,패,정규시즌,14:00
2018/04/29,수원,기아,KT,승,정규시즌,14:00
2018/05/01,잠실,KT,두산,승,정규시즌,18:30
2018/05/01,대전,LG,한화,승,정규시즌,18:30
2018/05/01,대구,SK,삼성,패,정규시즌,18:30
2018/05/01,사직,기아,롯데,승,정규시즌,18:30
2018/05/01,마산,넥센,NC,패,정규시즌,18:30
2018/05/02,대전,LG,한화,승,정규시즌,18:30
2018/05/02,대구,SK,삼성,패,정규시즌,18:30
2018/05/02,사직,기아,롯데,패,정규시즌,18:30
2018/05/02,마산,넥센,NC,승,정규시즌,18:30
2018/05/03,잠실,KT,두산,패,정규시즌,18:30
2018/05/03,대전,LG,한화,승,정규시즌,18:30
2018/05/03,대구,SK,삼성,승,정규시즌,18:30
2018/05/03,사직,기아,롯데,승,정규시즌,18:30
2018/05/03,마산,넥센,NC,패,정규시즌,18:30
2018/05/04,잠실,두산,LG,패,정규시즌,18:30
2018/05/04,문학,롯데,SK,승,정규시즌,18:30
2018/05/04,대구,한화,삼성,패,정규시즌,18:30
2018/05/04,광주,NC,기아,패,정규시즌,18:30
2018/05/04,수원,넥센,KT,패,정규시즌,18:30
2018/05/05,잠실,두산,LG,패,정규시즌,14:00
2018/05/05,문학,롯데,SK,패,정규시즌,14:00
2018/05/05,대구,한화,삼성,승,정규시즌,14:00
2018/05/05,광주,NC,기아,승,정규시즌,14:00
2018/05/05,수원,넥센,KT,패,정규시즌,14:00
2018/05/06,잠실,두산,LG,패,정규시즌,14:00
2018/05/06,광주,NC,기아,승,정규시즌,14:00
2018/05/08,고척,한화,넥센,패,정규시즌,18:30
2018/05/08,잠실,롯데,LG,패,정규시즌,18:30
2018/05/08,광주,두산,기아,승,정규시즌,18:30
2018/05/08,마산,SK,NC,승,정규시즌,18:30
2018/05/08,수원,삼성,KT,패,정규시즌,18:30
2018/05/09,고척,한화,넥센,패,정규시즌,18:30
2018/05/09,잠실,롯데,LG,승,정규시즌,18:30
2018/05/09,광주,두산,기아,패,정규시즌,18:30
2018/05/09,마산,SK,NC,패,정규시즌,18:30
2018/05/09,수원,삼성,KT,패,정규시즌,18:30
2018/05/10,고척,한화,넥센,패,정규시즌,18:30
2018/05/10,잠실,롯데,LG,패,정규시즌,18:30
2018/05/10,광주,두산,기아,승,정규시즌,18:30
2018/05/10,마산,SK,NC,패,정규시즌,18:30
2018/05/10,수원,삼성,KT,승,정규시즌,18:30
2018/05/11,잠실,넥센,두산,패,정규시즌,18:30
2018/05/11,문학,LG,SK,패,정규시즌,18:30
2018/05/11,대전,NC,한화,패,정규시즌,18:30
2018/05/11,대구,기아,삼성,승,정규시즌,18:30
2018/05/11,사직,KT,롯데,승,정규시즌,18:30
2018/05/13,잠실,넥센,두산,패,정규시즌,14:00
2018/05/13,문학,LG,SK,승,정규시즌,14:00
2018/05/13,대전,NC,한화,승,정규시즌,14:00
2018/05/13,대구,기아,삼성,패,정규시즌,14:00
2018/05/13,사직,KT,롯데,승,정규시즌,14:00
2018/05/15,고척,기아,넥센,패,정규시즌,18:30
2018/05/15,잠실,SK,두산,승,정규시즌,18:30
2018/05/15,대전,KT,한화,패,정규시즌,18:30
2018/05/15,마산,롯데,NC,패,정규시즌,18:30
2018/05/15,포항,LG,삼성,승,정규시즌,18:30
2018/05/16,고척,기아,넥센,승,정규시즌,18:30
2018/05/16,잠실,SK,두산,승,정규시즌,18:30
2018/05/16,대전,KT,한화,승,정규시즌,18:30
2018/05/16,포항,LG,삼성,패,정규시즌,18:30
2018/05/17,고척,기아,넥센,승,정규시즌,18:30
2018/05/17,대전,KT,한화,승,정규시즌,18:30
2018/05/17,마산,롯데,NC,패,정규시즌,18:30
2018/05/17,포항,LG,삼성,패,정규시즌,18:30
2018/05/18,고척,삼성,넥센,패,정규시즌,18:30
2018/05/18,잠실,한화,LG,패,정규시즌,18:30
2018/05/18,광주,SK,기아,승,정규시즌,18:30
2018/05/18,사직,두산,롯데,패,정규시즌,18:30
2018/05/18,수원,NC,KT,패,정규시즌,18:30
2018/05/19,고척,삼성,넥센,승,정규시즌,17:00
2018/05/19,잠실,한화,LG,패,정규시즌,17:00
2018/05/19,광주,SK,기아,승,정규시즌,17:00
2018/05/19,사직,두산,롯데,승,정규시즌,17:00
2018/05/19,수원,NC,KT,승,정규시즌,17:00
2018/05/20,고척,삼성,넥센,패,정규시즌,14:00
2018/05/20,잠실,한화,LG,승,정규시즌,14:00
2018/05/20,광주,SK,기아,승,정규시즌,14:00
2018/05/20,사직,두산,롯데,패,정규시즌,14:00
2018/05/20,수원,NC,KT,승,정규시즌,14:00
2018/05/22,잠실,NC,LG,승,정규시즌,14:00
2018/05/22,문학,넥센,SK,패,정규시즌,14:00
2018/05/22,대전,두산,한화,승,정규시즌,14:00
2018/05/22,대구,롯데,삼성,승,정규시즌,14:00
2018/05/22,광주,KT,기아,승,정규시즌,14:00
2018/05/23,잠실,NC,LG,승,정규시즌,18:30
2018/05/23,문학,넥센,SK,승,정규시즌,18:30
2018/05/23,대전,두산,한화,승,정규시즌,18:30
2018/05/23,대구,롯데,삼성,승,정규시즌,18:30
2018/05/23,광주,KT,기아,패,정규시즌,18:30
2018/05/24,잠실,NC,LG,승,정규시즌,18:30
2018/05/24,문학,넥센,SK,승,정규시즌,18:30
2018/05/24,대전,두산,한화,패,정규시즌,18:30
2018/05/24,대구,롯데,삼성,승,정규시즌,18:30
2018/05/24,광주,KT,기아,패,정규시즌,18:30
2018/05/25,고척,롯데,넥센,승,정규시즌,18:30
2018/05/25,잠실,삼성,두산,패,정규시즌,18:30
2018/05/25,문학,한화,SK,승,정규시즌,18:30
2018/05/25,마산,기아,NC,패,정규시즌,18:30
2018/05/25,수원,LG,KT,승,정규시즌,18:30
2018/05/26,고척,롯데,넥센,승,정규시즌,17:00
2018/05/26,잠실,삼성,두산,승,정규시즌,17:00
2018/05/26,문학,한화,SK,승,정규시즌,17:00
2018/05/26,마산,기아,NC,승,정규시즌,17:00
2018/05/26,수원,LG,KT,패,정규시즌,17:00
2018/05/27,고척,롯데,넥센,패,정규시즌,14:00
2018/05/27,잠실,삼성,두산,승,정규시즌,14:00
2018/05/27,문학,한화,SK,패,정규시즌,14:00
2018/05/27,마산,기아,NC,패,정규시즌,14:00
2018/05/27,수원,LG,KT,승,정규시즌,14:00
2018/05/29,대전,NC,한화,승,정규시즌,18:30
2018/05/29,대구,KT,삼성,패,정규시즌,18:30
2018/05/29,광주,넥센,기아,패,정규시즌,18:30
2018/05/29,사직,LG,롯데,패,정규시즌,18:30
2018/05/30,잠실,SK,두산,승,정규시즌,18:30
2018/05/30,대전,NC,한화,승,정규시즌,18:30
2018/05/30,대구,KT,삼성,승,정규시즌,18:30
2018/05/30,광주,넥센,기아,패,정규시즌,18:30
2018/05/30,사직,LG,롯데,패,정규시즌,18:30
2018/05/31,잠실,SK,두산,승,정규시즌,18:30
2018/05/31,대전,NC,한화,패,정규시즌,18:30
2018/05/31,대구,KT,삼성,승,정규시즌,18:30
2018/05/31,광주,넥센,기아,승,정규시즌,18:30
2018/05/31,사직,LG,롯데,패,정규시즌,18:30
2018/06/01,잠실,넥센,LG,승,정규시즌,18:30
2018/06/01,문학,KT,SK,승,정규시즌,18:30
2018/06/01,광주,두산,기아,패,정규시즌,18:30
2018/06/01,사직,한화,롯데,패,정규시즌,18:30
2018/06/01,마산,삼성,NC,패,정규시즌,18:30
2018/06/02,잠실,넥센,LG,승,정규시즌,17:00
2018/06/02,문학,KT,SK,승,정규시즌,17:00
2018/06/02,광주,두산,기아,패,정규시즌,17:00
2018/06/02,사직,한화,롯데,패,정규시즌,17:00
2018/06/02,마산,삼성,NC,패,정규시즌,17:00
2018/06/03,잠실,넥센,LG,승,정규시즌,17:00
2018/06/03,문학,KT,SK,패,정규시즌,17:00
2018/06/03,광주,두산,기아,승,정규시즌,17:00
2018/06/03,사직,한화,롯데,승,정규시즌,17:00
2018/06/03,마산,삼성,NC,패,정규시즌,17:00
2018/06/05,고척,두산,넥센,승,정규시즌,18:30
2018/06/05,잠실,한화,LG,승,정규시즌,18:30
2018/06/05,문학,삼성,SK,승,정규시즌,18:30
2018/06/05,마산,롯데,NC,패,정규시즌,18:30
2018/06/05,수원,기아,KT,패,정규시즌,18:30
2018/06/06,고척,두산,넥센,패,정규시즌,14:00
2018/06/06,잠실,한화,LG,패,정규시즌,14:00
2018/06/06,수원,기아,KT,패,정규시즌,14:00
2018/06/06,문학,삼성,SK,승,정규시즌,17:00
2018/06/06,마산,롯데,NC,패,정규시즌,17:00
2018/06/07,고척,두산,넥센,패,정규시즌,18:30
2018/06/07,잠실,한화,LG,승,정규시즌,18:30
2018/06/07,문학,삼성,SK,패,정규시즌,18:30
2018/06/07,마산,롯데,NC,승,정규시즌,18:30
2018/06/07,수원,기아,KT,패,정규시즌,18:30
2018/06/08,잠실,NC,두산,승,정규시즌,18:30
2018/06/08,대전,SK,한화,승,정규시즌,18:30
2018/06/08,대구,LG,삼성,패,정규시즌,18:30
2018/06/08,사직,기아,롯데,승,정규시즌,18:30
2018/06/08,수원,넥센,KT,패,정규시즌,18:30
2018/06/09,잠실,NC,두산,승,정규시즌,17:00
2018/06/09,대전,SK,한화,패,정규시즌,17:00
2018/06/09,대구,LG,삼성,패,정규시즌,17:00
2018/06/09,사직,기아,롯데,패,정규시즌,17:00
2018/06/09,수원,넥센,KT,승,정규시즌,17:00
2018/06/10,잠실,NC,두산,승,정규시즌,17:00
2018/06/10,대전,SK,한화,승,정규시즌,17:00
2018/06/10,대구,LG,삼성,승,정규시즌,17:00
2018/06/10,수원,넥센,KT,패,정규시즌,17:00
2018/06/12,고척,한화,넥센,패,정규시즌,18:30
2018/06/12,잠실,KT,두산,승,정규시즌,18:30
2018/06/12,광주,SK,기아,승,정규시즌,18:30
2018/06/12,사직,삼성,롯데,패,정규시즌,18:30
2018/06/12,마산,LG,NC,승,정규시즌,18:30
2018/06/13,고척,한화,넥센,승,정규시즌,18:30
2018/06/13,잠실,KT,두산,승,정규시즌,18:30
2018/06/13,광주,SK,기아,패,정규시즌,18:30
2018/06/13,사직,삼성,롯데,승,정규시즌,18:30
2018/06/13,마산,LG,NC,승,정규시즌,18:30
2018/06/14,고척,한화,넥센,패,정규시즌,18:30
2018/06/14,잠실,KT,두산,승,정규시즌,18:30
2018/06/14,광주,SK,기아,패,정규시즌,18:30
2018/06/14,사직,삼성,롯데,패,정규시즌,18:30
2018/06/14,마산,LG,NC,승,정규시즌,18:30
2018/06/15,고척,삼성,넥센,승,정규시즌,18:30
2018/06/15,잠실,기아,LG,승,정규시즌,18:30
2018/06/15,문학,롯데,SK,패,정규시즌,18:30
2018/06/15,대전,두산,한화,패,정규시즌,18:30
2018/06/15,마산,KT,NC,승,정규시즌,18:30
2018/06/16,고척,삼성,넥센,승,정규시즌,17:00
2018/06/16,잠실,기아,LG,승,정규시즌,17:00
2018/06/16,문학,롯데,SK,패,정규시즌,17:00
2018/06/16,대전,두산,한화,패,정규시즌,17:00
2018/06/16,마산,KT,NC,승,정규시즌,17:00
2018/06/17,고척,삼성,넥센,승,정규시즌,17:00
2018/06/17,잠실,기아,LG,승,정규시즌,17:00
2018/06/17,문학,롯데,SK,패,정규시즌,17:00
2018/06/17,대전,두산,한화,승,정규시즌,17:00
2018/06/17,마산,KT,NC,패,정규시즌,17:00
2018/06/19,잠실,넥센,두산,패,정규시즌,18:30
2018/06/19,대구,SK,삼성,무,정규시즌,18:30
2018/06/19,청주,LG,한화,패,정규시즌,18:30
2018/06/19,수원,롯데,KT,패,정규시즌,18:30
2018/06/20,잠실,넥센,두산,패,정규시즌,18:30
2018/06/20,대구,SK,삼성,승,정규시즌,18:30
2018/06/20,광주,NC,기아,승,정규시즌,18:30
2018/06/20,청주,LG,한화,승,정규시즌,18:30
2018/06/20,수원,롯데,KT,패,정규시즌,18:30
2018/06/21,잠실,넥센,두산,승,정규시즌,18:30
2018/06/21,대구,SK,삼성,패,정규시즌,18:30
2018/06/21,광주,NC,기아,패,정규시즌,18:30
2018/06/21,청주,LG,한화,승,정규시즌,18:30
2018/06/21,수원,롯데,KT,무,정규시즌,18:30
2018/06/22,고척,기아,넥센,패,정규시즌,18:30
2018/06/22,잠실,롯데,LG,승,정규시즌,18:30
2018/06/22,대구,두산,삼성,승,정규시즌,18:30
2018/06/22,마산,한화,NC,패,정규시즌,18:30
2018/06/22,수원,SK,KT,패,정규시즌,18:30
2018/06/23,고척,기아,넥센,승,정규시즌,17:00
2018/06/23,잠실,롯데,LG,승,정규시즌,17:00
2018/06/23,대구,두산,삼성,패,정규시즌,17:00
2018/06/23,마산,한화,NC,패,정규시즌,17:00
2018/06/23,수원,SK,KT,패,정규시즌,17:00
2018/06/24,고척,기아,넥센,패,정규시즌,17:00
2018/06/24,잠실,롯데,LG,무,정규시즌,17:00
2018/06/24,대구,두산,삼성,패,정규시즌,17:00
2018/06/24,마산,한화,NC,패,정규시즌,17:00
2018/06/24,수원,SK,KT,승,정규시즌,17:00
2018/06/26,대전,삼성,한화,패,정규시즌,18:30
2018/06/26,사직,넥센,롯데,패,정규시즌,18:30
2018/06/26,마산,두산,NC,승,정규시즌,18:30
2018/06/27,잠실,KT,LG,승,정규시즌,18:30
2018/06/27,문학,기아,SK,승,정규시즌,18:30
2018/06/27,대전,삼성,한화,승,정규시즌,18:30
2018/06/27,사직,넥센,롯데,승,정규시즌,18:30
2018/06/27,마산,두산,NC,패,정규시즌,18:30
2018/06/28,대전,삼성,한화,승,정규시즌,18:30
2018/06/28,사직,넥센,롯데,승,정규시즌,18:30
2018/06/28,마산,두산,NC,패,정규시즌,18:30
2018/06/29,잠실,기아,두산,패,정규시즌,18:30
2018/06/29,문학,LG,SK,승,정규시즌,18:30
2018/06/29,대전,롯데,한화,승,정규시즌,18:30
2018/06/29,대구,넥센,삼성,패,정규시즌,18:30
2018/06/29,수원,NC,KT,승,정규시즌,18:30
2018/06/30,잠실,기아,두산,승,정규시즌,17:00
2018/06/30,문학,LG,SK,승,정규시즌,17:00
2018/06/30,대전,롯데,한화,승,정규시즌,17:00
2018/06/30,수원,NC,KT,승,정규시즌,17:00
2018/07/01,대구,넥센,삼성,패,정규시즌,18:00
2018/07/03,고척,SK,넥센,패,정규시즌,18:30
2018/07/03,잠실,NC,LG,패,정규시즌,18:30
2018/07/03,광주,한화,기아,승,정규시즌,18:30
2018/07/04,고척,SK,넥센,승,정규시즌,18:30
2018/07/04,잠실,NC,LG,승,정규시즌,18:30
2018/07/04,광주,한화,기아,승,정규시즌,18:30
2018/07/04,사직,두산,롯데,패,정규시즌,18:30
2018/07/04,수원,삼성,KT,승,정규시즌,18:30
2018/07/05,고척,SK,넥센,승,정규시즌,18:30
2018/07/05,잠실,NC,LG,패,정규시즌,18:30
2018/07/05,광주,한화,기아,패,정규시즌,18:30
2018/07/05,사직,두산,롯데,패,정규시즌,18:30
2018/07/05,수원,삼성,KT,무,정규시즌,18:30
2018/07/06,고척,NC,넥센,승,정규시즌,18:30
2018/07/06,잠실,삼성,두산,승,정규시즌,18:30
2018/07/06,문학,한화,SK,승,정규시즌,18:30
2018/07/06,광주,LG,기아,승,정규시즌,18:30
2018/07/06,사직,KT,롯데,승,정규시즌,18:30
2018/07/07,고척,NC,넥센,승,정규시즌,18:00
2018/07/07,잠실,삼성,두산,승,정규시즌,18:00
2018/07/07,문학,한화,SK,승,정규시즌,18:00
2018/07/07,광주,LG,기아,패,정규시즌,18:00
2018/07/07,사직,KT,롯데,패,정규시즌,18:00
2018/07/08,고척,NC,넥센,패,정규시즌,18:00
2018/07/08,잠실,삼성,두산,패,정규시즌,18:00
2018/07/08,문학,한화,SK,패,정규시즌,18:00
2018/07/08,광주,LG,기아,패,정규시즌,18:00
2018/07/08,사직,KT,롯데,승,정규시즌,18:00
2018/07/10,잠실,SK,LG,패,정규시즌,18:30
2018/07/10,대전,넥센,한화,승,정규시즌,18:30
2018/07/10,마산,기아,NC,승,정규시즌,18:30
2018/07/10,수원,두산,KT,승,정규시즌,18:30
2018/07/10,포항,롯데,삼성,승,정규시즌,18:30
2018/07/11,잠실,SK,LG,승,정규시즌,18:30
2018/07/11,대전,넥센,한화,패,정규시즌,18:30
2018/07/11,마산,기아,NC,승,정규시즌,18:30
2018/07/11,수원,두산,KT,패,정규시즌,18:30
2018/07/11,포항,롯데,삼성,승,정규시즌,18:30
2018/07/12,잠실,SK,LG,패,정규시즌,18:30
2018/07/12,대전,넥센,한화,승,정규시즌,18:30
2018/07/12,마산,기아,NC,승,정규시즌,18:30
2018/07/12,수원,두산,KT,승,정규시즌,18:30
2018/07/12,포항,롯데,삼성,승,정규시즌,18:30
2018/07/14,울산,나눔,드림,패,올스타전,18:00
2018/07/17,고척,LG,넥센,패,정규시즌,18:30
2018/07/17,잠실,롯데,두산,패,정규시즌,18:30
2018/07/17,문학,NC,SK,승,정규시즌,18:30
2018/07/17,광주,삼성,기아,승,정규시즌,18:30
2018/07/17,수원,한화,KT,패,정규시즌,18:30
2018/07/18,고척,LG,넥센,패,정규시즌,18:30
2018/07/18,잠실,롯데,두산,승,정규시즌,18:30
2018/07/18,문학,NC,SK,패,정규시즌,18:30
2018/07/18,광주,삼성,기아,패,정규시즌,18:30
2018/07/18,수원,한화,KT,승,정규시즌,18:30
2018/07/19,고척,LG,넥센,패,정규시즌,18:30
2018/07/19,잠실,롯데,두산,승,정규시즌,18:30
2018/07/19,문학,NC,SK,승,정규시즌,18:30
2018/07/19,광주,삼성,기아,패,정규시즌,18:30
2018/07/19,수원,한화,KT,승,정규시즌,18:30
2018/07/20,잠실,두산,LG,패,정규시즌,18:30
2018/07/20,대구,한화,삼성,패,정규시즌,18:30
2018/07/20,광주,KT,기아,승,정규시즌,18:30
2018/07/20,사직,SK,롯데,패,정규시즌,18:30
2018/07/20,마산,넥센,NC,승,정규시즌,18:30
2018/07/21,잠실,두산,LG,패,정규시즌,18:00
2018/07/21,대구,한화,삼성,승,정규시즌,18:00
2018/07/21,광주,KT,기아,승,정규시즌,18:00
2018/07/21,사직,SK,롯데,패,정규시즌,18:00
2018/07/21,마산,넥센,NC,패,정규시즌,18:00
2018/07/22,잠실,두산,LG,패,정규시즌,18:00
2018/07/22,대구,한화,삼성,승,정규시즌,18:00
2018/07/22,광주,KT,기아,패,정규시즌,18:00
2018/07/22,사직,SK,롯데,승,정규시즌,18:00
2018/07/22,마산,넥센,NC,패,정규시즌,18:00
2018/07/24,고척,KT,넥센,패,정규시즌,18:30
2018/07/24,잠실,삼성,LG,패,정규시즌,18:30
2018/07/24,문학,두산,SK,승,정규시즌,18:30
2018/07/24,대전,기아,한화,승,정규시즌,18:30
2018/07/24,사직,NC,롯데,패,정규시즌,18:30
2018/07/25,고척,KT,넥센,승,정규시즌,18:30
2018/07/25,잠실,삼성,LG,패,정규시즌,18:30
2018/07/25,문학,두산,SK,승,정규시즌,18:30
2018/07/25,대전,기아,한화,패,정규시즌,18:30
2018/07/25,사직,NC,롯데,패,정규시즌,18:30
2018/07/26,고척,KT,넥센,패,정규시즌,18:30
2018/07/26,잠실,삼성,LG,승,정규시즌,18:30
2018/07/26,문학,두산,SK,승,정규시즌,18:30
2018/07/26,대전,기아,한화,승,정규시즌,18:30
2018/07/26,사직,NC,롯데,승,정규시즌,18:30
2018/07/27,고척,롯데,넥센,패,정규시즌,18:30
2018/07/27,잠실,한화,두산,패,정규시즌,18:30
2018/07/27,대구,기아,삼성,승,정규시즌,18:30
2018/07/27,마산,SK,NC,승,정규시즌,18:30
2018/07/27,수원,LG,KT,승,정규시즌,18:30
2018/07/28,고척,롯데,넥센,패,정규시즌,18:00
2018/07/28,잠실,한화,두산,승,정규시즌,18:00
2018/07/28,대구,기아,삼성,승,정규시즌,18:00
2018/07/28,마산,SK,NC,패,정규시즌,18:00
2018/07/28,수원,LG,KT,승,정규시즌,18:00
2018/07/29,고척,롯데,넥센,패,정규시즌,18:00
2018/07/29,잠실,한화,두산,승,정규시즌,18:00
2018/07/29,대구,기아,삼성,승,정규시즌,18:00
2018/07/29,마산,SK,NC,승,정규시즌,18:00
2018/07/29,수원,LG,KT,패,정규시즌,18:00
2018/07/31,잠실,LG,두산,승,정규시즌,18:30
2018/07/31,문학,넥센,SK,패,정규시즌,18:30
2018/07/31,대전,KT,한화,패,정규시즌,18:30
2018/07/31,대구,NC,삼성,무,정규시즌,18:30
2018/07/31,광주,롯데,기아,승,정규시즌,18:30
2018/08/01,잠실,LG,두산,승,정규시즌,18:30
2018/08/01,문학,넥센,SK,승,정규시즌,18:30
2018/08/01,대전,KT,한화,승,정규시즌,18:30
2018/08/01,대구,NC,삼성,패,정규시즌,18:30
2018/08/01,광주,롯데,기아,승,정규시즌,18:30
2018/08/02,잠실,LG,두산,승,정규시즌,18:30
2018/08/02,문학,넥센,SK,패,정규시즌,18:30
2018/08/02,대전,KT,한화,승,정규시즌,18:30
2018/08/02,대구,NC,삼성,승,정규시즌,18:30
2018/08/02,광주,롯데,기아,패,정규시즌,18:30
2018/08/04,잠실,SK,LG,패,정규시즌,18:00
2018/08/04,대전,NC,한화,패,정규시즌,18:00
2018/08/04,광주,두산,기아,승,정규시즌,18:00
2018/08/04,사직,삼성,롯데,승,정규시즌,18:00
2018/08/04,수원,넥센,KT,패,정규시즌,18:00
2018/08/05,잠실,SK,LG,패,정규시즌,18:00
2018/08/05,대전,NC,한화,패,정규시즌,18:00
2018/08/05,광주,두산,기아,승,정규시즌,18:00
2018/08/05,사직,삼성,롯데,패,정규시즌,18:00
2018/08/05,수원,넥센,KT,패,정규시즌,18:00
2018/08/07,고척,기아,넥센,승,정규시즌,18:30
2018/08/07,잠실,한화,두산,승,정규시즌,18:30
2018/08/07,문학,삼성,SK,패,정규시즌,18:30
2018/08/07,마산,KT,NC,패,정규시즌,18:30
2018/08/07,울산,LG,롯데,승,정규시즌,18:30
2018/08/08,고척,기아,넥센,승,정규시즌,18:30
2018/08/08,잠실,한화,두산,패,정규시즌,18:30
2018/08/08,문학,삼성,SK,승,정규시즌,18:30
2018/08/08,마산,KT,NC,승,정규시즌,18:30
2018/08/08,울산,LG,롯데,승,정규시즌,18:30
2018/08/09,잠실,삼성,LG,패,정규시즌,18:30
2018/08/09,광주,롯데,기아,패,정규시즌,18:30
2018/08/09,청주,넥센,한화,패,정규시즌,18:30
2018/08/09,마산,SK,NC,승,정규시즌,18:30
2018/08/09,수원,두산,KT,패,정규시즌,18:30
2018/08/10,잠실,삼성,LG,승,정규시즌,18:30
2018/08/10,청주,넥센,한화,패,정규시즌,18:30
2018/08/10,마산,SK,NC,패,정규시즌,18:30
2018/08/10,수원,두산,KT,승,정규시즌,18:30
2018/08/11,고척,LG,넥센,승,정규시즌,18:00
2018/08/11,잠실,롯데,두산,승,정규시즌,18:00
2018/08/11,문학,기아,SK,패,정규시즌,18:00
2018/08/11,대전,KT,한화,승,정규시즌,18:00
2018/08/11,대구,NC,삼성,패,정규시즌,18:00
2018/08/12,고척,LG,넥센,승,정규시즌,18:00
2018/08/12,잠실,롯데,두산,패,정규시즌,18:00
2018/08/12,문학,기아,SK,패,정규시즌,18:00
2018/08/12,대전,KT,한화,승,정규시즌,18:00
2018/08/12,대구,NC,삼성,승,정규시즌,18:00
2018/08/14,잠실,SK,두산,승,정규시즌,18:30
2018/08/14,대구,넥센,삼성,패,정규시즌,18:30
2018/08/14,광주,LG,기아,승,정규시즌,18:30
2018/08/14,사직,한화,롯데,승,정규시즌,18:30
2018/08/14,수원,NC,KT,승,정규시즌,18:30
2018/08/15,잠실,SK,두산,패,정규시즌,18:00
2018/08/15,대구,넥센,삼성,패,정규시즌,18:00
2018/08/15,광주,LG,기아,패,정규시즌,18:00
2018/08/15,수원,NC,KT,패,정규시즌,18:00
2018/08/16,잠실,넥센,두산,승,정규시즌,18:30
2018/08/16,문학,LG,SK,패,정규시즌,18:30
2018/08/16,대구,한화,삼성,승,정규시즌,18:30
2018/08/16,사직,기아,롯데,승,정규시즌,18:30
2018/08/16,수원,NC,KT,승,정규시즌,18:30
2018/09/04,잠실,기아,두산,패,정규시즌,18:30
2018/09/04,문학,넥센,SK,패,정규시즌,18:30
2018/09/04,대전,롯데,한화,승,정규시즌,18:30
2018/09/04,마산,삼성,NC,패,정규시즌,18:30
2018/09/04,수원,LG,KT,승,정규시즌,18:30
2018/09/05,잠실,기아,두산,승,정규시즌,18:30
2018/09/05,문학,넥센,SK,승,정규시즌,18:30
2018/09/05,대전,롯데,한화,승,정규시즌,18:30
2018/09/05,마산,삼성,NC,패,정규시즌,18:30
2018/09/05,수원,LG,KT,패,정규시즌,18:30
2018/09/06,잠실,NC,LG,승,정규시즌,18:30
2018/09/06,대구,두산,삼성,패,정규시즌,18:30
2018/09/06,광주,넥센,기아,승,정규시즌,18:30
2018/09/06,수원,한화,KT,패,정규시즌,18:30
2018/09/06,울산,SK,롯데,승,정규시즌,18:30
2018/09/07,잠실,NC,LG,패,정규시즌,18:30
2018/09/07,대구,두산,삼성,패,정규시즌,18:30
2018/09/07,광주,넥센,기아,승,정규시즌,18:30
2018/09/07,수원,한화,KT,승,정규시즌,18:30
2018/09/07,울산,SK,롯데,패,정규시즌,18:30
2018/09/08,고척,KT,넥센,패,정규시즌,17:00
2018/09/08,잠실,한화,LG,승,정규시즌,17:00
2018/09/08,문학,두산,SK,패,정규시즌,17:00
2018/09/08,광주,삼성,기아,승,정규시즌,17:00
2018/09/08,마산,롯데,NC,승,정규시즌,17:00
2018/09/09,고척,KT,넥센,승,정규시즌,14:00
2018/09/09,잠실,한화,LG,승,정규시즌,14:00
2018/09/09,문학,두산,SK,승,정규시즌,14:00
2018/09/09,광주,삼성,기아,패,정규시즌,14:00
2018/09/09,마산,롯데,NC,승,정규시즌,14:00
2018/09/11,잠실,넥센,LG,패,정규시즌,18:30
2018/09/11,문학,KT,SK,승,정규시즌,18:30
2018/09/11,대구,한화,삼성,패,정규시즌,18:30
2018/09/11,사직,두산,롯데,패,정규시즌,18:30
2018/09/11,마산,기아,NC,승,정규시즌,18:30
2018/09/12,잠실,넥센,LG,승,정규시즌,18:30
2018/09/12,문학,KT,SK,승,정규시즌,18:30
2018/09/12,대구,한화,삼성,패,정규시즌,18:30
2018/09/12,사직,두산,롯데,패,정규시즌,18:30
2018/09/12,마산,기아,NC,승,정규시즌,18:30
2018/09/13,잠실,KT,두산,승,정규시즌,18:30
2018/09/13,대구,LG,삼성,패,정규시즌,18:30
2018/09/13,청주,SK,한화,패,정규시즌,18:30
2018/09/14,잠실,KT,두산,승,정규시즌,18:30
2018/09/14,대구,LG,삼성,승,정규시즌,18:30
2018/09/14,사직,기아,롯데,패,정규시즌,18:30
2018/09/14,청주,SK,한화,패,정규시즌,18:30
2018/09/14,마산,넥센,NC,승,정규시즌,18:30
2018/09/15,잠실,NC,두산,패,정규시즌,17:00
2018/09/15,대전,LG,한화,패,정규시즌,17:00
2018/09/15,광주,SK,기아,승,정규시즌,17:00
2018/09/15,사직,넥센,롯데,패,정규시즌,17:00
2018/09/15,수원,삼성,KT,패,정규시즌,17:00
2018/09/16,잠실,NC,두산,승,정규시즌,14:00
2018/09/16,대전,LG,한화,승,정규시즌,14:00
2018/09/16,광주,SK,기아,승,정규시즌,14:00
2018/09/16,사직,넥센,롯데,패,정규시즌,14:00
2018/09/16,수원,삼성,KT,승,정규시즌,14:00
2018/09/18,고척,두산,넥센,승,정규시즌,18:30
2018/09/18,잠실,롯데,LG,패,정규시즌,18:30
2018/09/18,대구,기아,삼성,패,정규시즌,18:30
2018/09/18,마산,한화,NC,승,정규시즌,18:30
2018/09/18,수원,SK,KT,승,정규시즌,18:30
2018/09/19,고척,두산,넥센,승,정규시즌,18:30
2018/09/19,잠실,롯데,LG,패,정규시즌,18:30
2018/09/19,대구,기아,삼성,승,정규시즌,18:30
2018/09/19,마산,한화,NC,패,정규시즌,18:30
2018/09/19,수원,SK,KT,패,정규시즌,18:30
2018/09/20,고척,삼성,넥센,승,정규시즌,18:30
2018/09/20,잠실,두산,LG,패,정규시즌,18:30
2018/09/20,문학,한화,SK,패,정규시즌,18:30
2018/09/20,광주,NC,기아,승,정규시즌,18:30
2018/09/20,사직,KT,롯데,승,정규시즌,18:30
2018/09/21,고척,삼성,넥센,패,정규시즌,18:30
2018/09/21,잠실,두산,LG,패,정규시즌,18:30
2018/09/21,문학,한화,SK,승,정규시즌,18:30
2018/09/21,광주,NC,기아,승,정규시즌,18:30
2018/09/22,고척,SK,넥센,승,정규시즌,17:00
2018/09/22,잠실,KT,LG,패,정규시즌,17:00
2018/09/22,대전,기아,한화,패,정규시즌,17:00
2018/09/22,대구,롯데,삼성,패,정규시즌,17:00
2018/09/22,마산,두산,NC,패,정규시즌,17:00
2018/09/23,고척,SK,넥센,승,정규시즌,14:00
2018/09/23,잠실,KT,LG,승,정규시즌,14:00
2018/09/23,대전,기아,한화,승,정규시즌,14:00
2018/09/23,대구,롯데,삼성,승,정규시즌,14:00
2018/09/23,마산,두산,NC,승,정규시즌,14:00
2018/09/25,잠실,넥센,두산,승,정규시즌,14:00
2018/09/25,문학,LG,SK,승,정규시즌,14:00
2018/09/25,대전,삼성,한화,패,정규시즌,14:00
2018/09/25,사직,NC,롯데,승,정규시즌,14:00
2018/09/25,수원,기아,KT,패,정규시즌,14:00
2018/09/26,잠실,넥센,두산,승,정규시즌,14:00
2018/09/26,문학,LG,SK,승,정규시즌,14:00
2018/09/26,대전,삼성,한화,승,정규시즌,14:00
2018/09/26,사직,NC,롯데,승,정규시즌,14:00
2018/09/26,수원,기아,KT,승,정규시즌,14:00
2018/09/27,고척,롯데,넥센,패,정규시즌,18:30
2018/09/27,잠실,기아,LG,승,정규시즌,18:30
2018/09/27,문학,NC,SK,승,정규시즌,18:30
2018/09/27,대전,두산,한화,승,정규시즌,18:30
2018/09/27,대구,KT,삼성,승,정규시즌,18:30
2018/09/28,고척,롯데,넥센,승,정규시즌,18:30
2018/09/28,잠실,기아,LG,패,정규시즌,18:30
2018/09/28,문학,NC,SK,승,정규시즌,18:30
2018/09/28,대전,두산,한화,승,정규시즌,18:30
2018/09/28,대구,KT,삼성,무,정규시즌,18:30
2018/09/29,고척,NC,넥센,승,정규시즌,17:00
2018/09/29,잠실,LG,두산,승,정규시즌,17:00
2018/09/29,대구,SK,삼성,승,정규시즌,17:00
2018/09/29,광주,한화,기아,승,정규시즌,17:00
2018/09/29,수원,롯데,KT,패,정규시즌,17:00
2018/09/30,고척,NC,넥센,승,정규시즌,14:00
2018/09/30,잠실,LG,두산,승,정규시즌,14:00
2018/09/30,대구,SK,삼성,패,정규시즌,14:00
2018/09/30,광주,한화,기아,승,정규시즌,14:00
2018/09/30,수원,롯데,KT,패,정규시즌,14:00
2018/10/02,잠실,KT,LG,승,정규시즌,18:30
2018/10/02,문학,롯데,SK,패,정규시즌,18:30
2018/10/02,광주,NC,기아,패,정규시즌,18:30
2018/10/03,잠실,KT,LG,패,정규시즌,14:00
2018/10/03,대전,롯데,한화,승,정규시즌,14:00
2018/10/03,대구,기아,삼성,승,정규시즌,14:00
2018/10/04,문학,기아,SK,패,정규시즌,18:30
2018/10/04,대전,롯데,한화,패,정규시즌,18:30
2018/10/06,문학,기아,SK,패,정규시즌,15:00
2018/10/06,잠실,LG,두산,패,정규시즌,17:00
2018/10/06,사직,한화,롯데,승,정규시즌,17:00
2018/10/06,마산,넥센,NC,승,정규시즌,17:00
2018/10/06,수원,삼성,KT,승,정규시즌,17:00
2018/10/06,문학,기아,SK,승,정규시즌,
2018/10/07,잠실,기아,두산,승,정규시즌,14:00
2018/10/07,마산,롯데,NC,패,정규시즌,14:00
2018/10/09,문학,삼성,SK,패,정규시즌,14:00
2018/10/09,사직,기아,롯데,승,정규시즌,14:00
2018/10/09,수원,한화,KT,패,정규시즌,14:00
2018/10/10,사직,KT,롯데,패,정규시즌,15:00
2018/10/10,사직,KT,롯데,패,정규시즌,18:22
2018/10/10,잠실,SK,두산,패,정규시즌,18:30
2018/10/10,광주,한화,기아,승,정규시즌,18:30
2018/10/11,잠실,SK,두산,승,정규시즌,18:30
2018/10/11,광주,롯데,기아,패,정규시즌,18:30
2018/10/12,잠실,NC,두산,승,정규시즌,18:30
2018/10/12,광주,롯데,기아,승,정규시즌,18:30
2018/10/12,수원,넥센,KT,패,정규시즌,18:30
2018/10/13,잠실,KT,두산,패,정규시즌,17:00
2018/10/13,문학,LG,SK,패,정규시즌,17:00
2018/10/13,대전,NC,한화,승,정규시즌,17:00
2018/10/13,대구,넥센,삼성,승,정규시즌,17:00
2018/10/13,광주,롯데,기아,패,정규시즌,17:00
2018/10/14,사직,두산,롯데,패,정규시즌,14:00
2018/10/16,고척,기아,넥센,승,와일드카드,18:30
2018/10/19,대전,넥센,한화,패,준플레이오프,18:30
2018/10/20,대전,넥센,한화,패,준플레이오프,14:00
2018/10/22,고척,한화,넥센,패,준플레이오프,18:30
2018/10/23,고척,한화,넥센,승,준플레이오프,18:30
2018/10/27,문학,넥센,SK,승,플레이오프,14:00
2018/10/28,문학,넥센,SK,승,플레이오프,14:00
2018/10/30,고척,SK,넥센,승,플레이오프,18:30
2018/10/31,고척,SK,넥센,승,플레이오프,18:30
2018/11/02,문학,넥센,SK,승,플레이오프,18:30
2018/11/04,잠실,SK,두산,패,한국시리즈,14:00
2018/11/05,잠실,SK,두산,승,한국시리즈,18:30
2018/11/07,문학,두산,SK,승,한국시리즈,18:30
2018/11/09,문학,두산,SK,패,한국시리즈,18:30
2018/11/10,문학,두산,SK,승,한국시리즈,14:00
2018/11/12,잠실,SK,두산,패,한국시리즈,18:30
2019/03/12,상동,NC,롯데,승,시범경기,
2019/03/12,대구,KT,삼성,승,시범경기,
2019/03/12,광주,SK,기아,승,시범경기,
2019/03/12,고척,LG,키움,승,시범경기,
2019/03/12,대전,두산,한화,승,시범경기,
2019/03/13,상동,NC,롯데,패,시범경기,
2019/03/13,대구,KT,삼성,승,시범경기,
2019/03/13,광주,SK,기아,무,시범경기,
2019/03/13,고척,LG,키움,패,시범경기,
2019/03/13,대전,두산,한화,승,시범경기,
2019/03/14,이천(LG),두산,LG,패,시범경기,
2019/03/14,대구,NC,삼성,패,시범경기,
2019/03/14,광주,KT,기아,승,시범경기,
2019/03/14,고척,롯데,키움,승,시범경기,
2019/03/14,대전,SK,한화,승,시범경기,
2019/03/15,대구,NC,삼성,패,시범경기,
2019/03/15,고척,롯데,키움,승,시범경기,
2019/03/15,대전,SK,한화,패,시범경기,
2019/03/16,대구,LG,삼성,패,시범경기,
2019/03/16,수원,SK,KT,패,시범경기,
2019/03/16,광주,NC,기아,무,시범경기,
2019/03/16,고척,두산,키움,패,시범경기,
2019/03/16,대전,롯데,한화,승,시범경기,
2019/03/17,대구,LG,삼성,패,시범경기,
2019/03/17,수원,SK,KT,패,시범경기,
2019/03/17,광주,NC,기아,승,시범경기,
2019/03/17,고척,두산,키움,패,시범경기,
2019/03/17,대전,롯데,한화,패,시범경기,
2019/03/19,문학,두산,SK,승,시범경기,
2019/03/19,고척,기아,키움,승,시범경기,
2019/03/19,사직,삼성,롯데,승,시범경기,
2019/03/19,창원,한화,NC,패,시범경기,
2019/03/19,수원,LG,KT,무,시범경기,
2019/03/20,문학,두산,SK,승,시범경기,
2019/03/20,사직,삼성,롯데,승,시범경기,
2019/03/20,창원,한화,NC,승,시범경기,
2019/03/20,고척,기아,키움,승,시범경기,
2019/03/23,잠실,한화,두산,승,정규시즌,
2019/03/23,문학,KT,SK,승,정규시즌,
2019/03/23,사직,키움,롯데,패,정규시즌,
2019/03/23,창원,삼성,NC,승,정규시즌,
2019/03/23,광주,LG,기아,패,정규시즌,
2019/03/24,잠실,한화,두산,패,정규시즌,
2019/03/24,문학,KT,SK,승,정규시즌,
2019/03/24,사직,키움,롯데,승,정규시즌,
2019/03/24,창원,삼성,NC,패,정규시즌,
2019/03/24,광주,LG,기아,패,정규시즌,
2019/03/26,잠실,키움,두산,승,정규시즌,
2019/03/26,문학,LG,SK,패,정규시즌,
2019/03/26,사직,삼성,롯데,승,정규시즌,
2019/03/26,창원,KT,NC,승,정규시즌,
2019/03/26,광주,한화,기아,패,정규시즌,
2019/03/27,잠실,키움,두산,승,정규시즌,
2019/03/27,문학,LG,SK,승,정규시즌,
2019/03/27,사직,삼성,롯데,패,정규시즌,
2019/03/27,창원,KT,NC,승,정규시즌,
2019/03/27,광주,한화,기아,승,정규시즌,
2019/03/28,잠실,키움,두산,패,정규시즌,
2019/03/28,문학,LG,SK,승,정규시즌,
2019/03/28,사직,삼성,롯데,패,정규시즌,
2019/03/28,창원,KT,NC,승,정규시즌,
2019/03/28,광주,한화,기아,승,정규시즌,
2019/03/29,잠실,롯데,LG,승,정규시즌,
2019/03/29,대구,두산,삼성,패,정규시즌,
2019/03/29,수원,기아,KT,승,정규시즌,
2019/03/29,고척,SK,키움,패,정규시즌,
2019/03/29,대전,NC,한화,승,정규시즌,
2019/03/30,잠실,롯데,LG,패,정규시즌,
2019/03/30,대구,두산,삼성,패,정규시즌,
2019/03/30,수원,기아,KT,승,정규시즌,
2019/03/30,고척,SK,키움,승,정규시즌,
2019/03/30,대전,NC,한화,승,정규시즌,
2019/03/31,잠실,롯데,LG,승,정규시즌,
2019/03/31,대구,두산,삼성,패,정규시즌,
2019/03/31,수원,기아,KT,패,정규시즌,
2019/03/31,고척,SK,키움,패,정규시즌,
2019/03/31,대전,NC,한화,패,정규시즌,
2019/04/02,잠실,KT,두산,승,정규시즌,
2019/04/02,문학,롯데,SK,패,정규시즌,
2019/04/02,대구,기아,삼성,패,정규시즌,
2019/04/02,창원,키움,NC,패,정규시즌,
2019/04/02,대전,LG,한화,승,정규시즌,
2019/04/03,잠실,KT,두산,승,정규시즌,
2019/04/03,문학,롯데,SK,패,정규시즌,
2019/04/03,대구,기아,삼성,승,정규시즌,
2019/04/03,창원,키움,NC,승,정규시즌,
2019/04/03,대전,LG,한화,패,정규시즌,
2019/04/04,잠실,KT,두산,승,정규시즌,
2019/04/04,문학,롯데,SK,승,정규시즌,
2019/04/04,대구,기아,삼성,승,정규시즌,
2019/04/04,창원,키움,NC,패,정규시즌,
2019/04/04,대전,LG,한화,승,정규시즌,
2019/04/05,잠실,NC,두산,패,정규시즌,
2019/04/05,문학,삼성,SK,승,정규시즌,
2019/04/05,사직,한화,롯데,승,정규시즌,
2019/04/05,수원,LG,KT,패,정규시즌,
2019/04/05,광주,키움,기아,승,정규시즌,
2019/04/06,잠실,NC,두산,패,정규시즌,
2019/04/06,문학,삼성,SK,승,정규시즌,
2019/04/06,사직,한화,롯데,승,정규시즌,
2019/04/06,수원,LG,KT,승,정규시즌,
2019/04/06,광주,키움,기아,패,정규시즌,
2019/04/07,잠실,NC,두산,패,정규시즌,
2019/04/07,문학,삼성,SK,승,정규시즌,
2019/04/07,사직,한화,롯데,패,정규시즌,
2019/04/07,수원,LG,KT,승,정규시즌,
2019/04/09,고척,KT,키움,승,정규시즌,
2019/04/10,잠실,삼성,LG,패,정규시즌,
2019/04/10,사직,두산,롯데,패,정규시즌,
2019/04/10,광주,NC,기아,승,정규시즌,
2019/04/10,고척,KT,키움,승,정규시즌,
2019/04/10,대전,SK,한화,패,정규시즌,
2019/04/11,잠실,삼성,LG,승,정규시즌,
2019/04/11,사직,두산,롯데,패,정규시즌,
2019/04/11,광주,NC,기아,패,정규시즌,
2019/04/11,고척,KT,키움,패,정규시즌,
2019/04/11,대전,SK,한화,패,정규시즌,
2019/04/12,잠실,두산,LG,승,정규시즌,
2019/04/12,문학,기아,SK,무,정규시즌,
2019/04/12,대구,KT,삼성,승,정규시즌,
2019/04/12,고척,한화,키움,승,정규시즌,
2019/04/12,창원,롯데,NC,승,정규시즌,
2019/04/13,잠실,두산,LG,승,정규시즌,
2019/04/13,문학,기아,SK,패,정규시즌,
2019/04/13,대구,KT,삼성,패,정규시즌,
2019/04/13,창원,롯데,NC,승,정규시즌,
2019/04/13,고척,한화,키움,승,정규시즌,
2019/04/14,잠실,두산,LG,패,정규시즌,
2019/04/14,문학,기아,SK,패,정규시즌,
2019/04/14,대구,KT,삼성,승,정규시즌,
2019/04/14,창원,롯데,NC,승,정규시즌,
2019/04/14,고척,한화,키움,패,정규시즌,
2019/04/16,잠실,SK,두산,승,정규시즌,
2019/04/16,사직,기아,롯데,승,정규시즌,
2019/04/16,창원,LG,NC,패,정규시즌,
2019/04/16,수원,한화,KT,승,정규시즌,
2019/04/16,포항,키움,삼성,패,정규시즌,
2019/04/17,잠실,SK,두산,승,정규시즌,
2019/04/17,사직,기아,롯데,승,정규시즌,
2019/04/17,창원,LG,NC,패,정규시즌,
2019/04/17,수원,한화,KT,패,정규시즌,
2019/04/17,포항,키움,삼성,패,정규시즌,
2019/04/18,잠실,SK,두산,패,정규시즌,
2019/04/18,사직,기아,롯데,승,정규시즌,
2019/04/18,창원,LG,NC,패,정규시즌,
2019/04/18,수원,한화,KT,승,정규시즌,
2019/04/18,포항,키움,삼성,승,정규시즌,
2019/04/19,잠실,키움,LG,패,정규시즌,
2019/04/19,문학,NC,SK,패,정규시즌,
2019/04/19,사직,KT,롯데,패,정규시즌,
2019/04/19,광주,두산,기아,패,정규시즌,
2019/04/19,대전,삼성,한화,승,정규시즌,
2019/04/20,잠실,키움,LG,패,정규시즌,
2019/04/20,문학,NC,SK,승,정규시즌,
2019/04/20,사직,KT,롯데,승,정규시즌,
2019/04/20,광주,두산,기아,패,정규시즌,
2019/04/20,대전,삼성,한화,승,정규시즌,
2019/04/21,잠실,키움,LG,승,정규시즌,
2019/04/21,문학,NC,SK,승,정규시즌,
2019/04/21,사직,KT,롯데,패,정규시즌,
2019/04/21,광주,두산,기아,패,정규시즌,
2019/04/21,대전,삼성,한화,패,정규시즌,
2019/04/23,잠실,기아,LG,승,정규시즌,
2019/04/23,수원,NC,KT,패,정규시즌,
2019/04/23,고척,두산,키움,패,정규시즌,
2019/04/24,잠실,기아,LG,승,정규시즌,
2019/04/24,대구,SK,삼성,패,정규시즌,
2019/04/24,수원,NC,KT,패,정규시즌,
2019/04/24,고척,두산,키움,승,정규시즌,
2019/04/24,대전,롯데,한화,승,정규시즌,
2019/04/25,대구,SK,삼성,패,정규시즌,
2019/04/25,고척,두산,키움,승,정규시즌,
2019/04/26,잠실,롯데,두산,승,정규시즌,
2019/04/26,수원,SK,KT,패,정규시즌,
2019/04/26,고척,기아,키움,승,정규시즌,
2019/04/27,잠실,롯데,두산,승,정규시즌,
2019/04/27,대구,LG,삼성,패,정규시즌,
2019/04/27,창원,한화,NC,승,정규시즌,
2019/04/27,수원,SK,KT,패,정규시즌,
2019/04/27,고척,기아,키움,패,정규시즌,
2019/04/28,잠실,롯데,두산,승,정규시즌,
2019/04/28,대구,LG,삼성,패,정규시즌,
2019/04/28,창원,한화,NC,승,정규시즌,
2019/04/28,수원,SK,KT,패,정규시즌,
2019/04/28,고척,기아,키움,승,정규시즌,
2019/04/30,잠실,KT,LG,승,정규시즌,
2019/04/30,문학,키움,SK,패,정규시즌,
2019/04/30,사직,NC,롯데,승,정규시즌,
2019/04/30,광주,삼성,기아,승,정규시즌,
2019/04/30,대전,두산,한화,승,정규시즌,
2019/05/01,잠실,KT,LG,승,정규시즌,
2019/05/01,문학,키움,SK,승,정규시즌,
2019/05/01,사직,NC,롯데,패,정규시즌,
2019/05/01,광주,삼성,기아,패,정규시즌,
2019/05/01,대전,두산,한화,승,정규시즌,
2019/05/02,잠실,KT,LG,승,정규시즌,
2019/05/02,문학,키움,SK,패,정규시즌,
2019/05/02,사직,NC,롯데,패,정규시즌,
2019/05/02,광주,삼성,기아,승,정규시즌,
2019/05/02,대전,두산,한화,패,정규시즌,
2019/05/03,잠실,LG,두산,승,정규시즌,
2019/05/03,사직,SK,롯데,패,정규시즌,
2019/05/03,고척,삼성,키움,승,정규시즌,
2019/05/03,대전,KT,한화,패,정규시즌,
2019/05/03,창원,기아,NC,패,정규시즌,
2019/05/04,잠실,LG,두산,승,정규시즌,
2019/05/04,사직,SK,롯데,패,정규시즌,
2019/05/04,고척,삼성,키움,패,정규시즌,
2019/05/04,창원,기아,NC,승,정규시즌,
2019/05/04,대전,KT,한화,승,정규시즌,
2019/05/05,잠실,LG,두산,승,정규시즌,
2019/05/05,사직,SK,롯데,패,정규시즌,
2019/05/05,창원,기아,NC,승,정규시즌,
2019/05/05,고척,삼성,키움,승,정규시즌,
2019/05/05,대전,KT,한화,승,정규시즌,
2019/05/07,잠실,기아,두산,승,정규시즌,
2019/05/07,문학,한화,SK,승,정규시즌,
2019/05/07,대구,NC,삼성,승,정규시즌,
2019/05/07,수원,롯데,KT,승,정규시즌,
2019/05/07,고척,LG,키움,패,정규시즌,
2019/05/08,잠실,기아,두산,승,정규시즌,
2019/05/08,문학,한화,SK,승,정규시즌,
2019/05/08,대구,NC,삼성,승,정규시즌,
2019/05/08,수원,롯데,KT,승,정규시즌,
2019/05/08,고척,LG,키움,승,정규시즌,
2019/05/09,잠실,기아,두산,패,정규시즌,
2019/05/09,문학,한화,SK,패,정규시즌,
2019/05/09,대구,NC,삼성,승,정규시즌,
2019/05/09,수원,롯데,KT,패,정규시즌,
2019/05/09,고척,LG,키움,승,정규시즌,
2019/05/10,잠실,한화,LG,패,정규시즌,
2019/05/10,대구,롯데,삼성,패,정규시즌,
2019/05/10,수원,키움,KT,승,정규시즌,
2019/05/10,광주,SK,기아,패,정규시즌,
2019/05/10,창원,두산,NC,승,정규시즌,
2019/05/11,잠실,한화,LG,승,정규시즌,
2019/05/11,대구,롯데,삼성,승,정규시즌,
2019/05/11,창원,두산,NC,패,정규시즌,
2019/05/11,수원,키움,KT,패,정규시즌,
2019/05/11,광주,SK,기아,패,정규시즌,
2019/05/12,잠실,한화,LG,승,정규시즌,
2019/05/12,대구,롯데,삼성,패,정규시즌,
2019/05/12,창원,두산,NC,패,정규시즌,
2019/05/12,수원,키움,KT,승,정규시즌,
2019/05/12,광주,SK,기아,패,정규시즌,
2019/05/14,잠실,삼성,두산,패,정규시즌,
2019/05/14,사직,LG,롯데,승,정규시즌,
2019/05/14,창원,SK,NC,승,정규시즌,
2019/05/14,광주,KT,기아,패,정규시즌,
2019/05/14,대전,키움,한화,승,정규시즌,
2019/05/15,잠실,삼성,두산,승,정규시즌,
2019/05/15,사직,LG,롯데,승,정규시즌,
2019/05/15,창원,SK,NC,패,정규시즌,
2019/05/15,광주,KT,기아,패,정규시즌,
2019/05/15,대전,키움,한화,승,정규시즌,
2019/05/16,잠실,삼성,두산,승,정규시즌,
2019/05/16,사직,LG,롯데,패,정규시즌,
2019/05/16,창원,SK,NC,승,정규시즌,
2019/05/16,광주,KT,기아,패,정규시즌,
2019/05/16,대전,키움,한화,승,정규시즌,
2019/05/17,잠실,NC,LG,패,정규시즌,
2019/05/17,문학,두산,SK,패,정규시즌,
2019/05/17,수원,삼성,KT,패,정규시즌,
2019/05/17,고척,롯데,키움,승,정규시즌,
2019/05/17,대전,기아,한화,패,정규시즌,
2019/05/18,잠실,NC,LG,패,정규시즌,
2019/05/18,문학,두산,SK,패,정규시즌,
2019/05/18,수원,삼성,KT,승,정규시즌,
2019/05/18,고척,롯데,키움,승,정규시즌,
2019/05/18,대전,기아,한화,승,정규시즌,
2019/05/19,고척,롯데,키움,승,정규시즌,
2019/05/19,대전,기아,한화,패,정규시즌,
2019/05/21,잠실,SK,LG,패,정규시즌,
2019/05/21,대구,한화,삼성,승,정규시즌,
2019/05/21,수원,두산,KT,승,정규시즌,
2019/05/21,광주,롯데,기아,승,정규시즌,
2019/05/21,고척,NC,키움,패,정규시즌,
2019/05/22,잠실,SK,LG,패,정규시즌,
2019/05/22,대구,한화,삼성,승,정규시즌,
2019/05/22,수원,두산,KT,승,정규시즌,
2019/05/22,광주,롯데,기아,승,정규시즌,
2019/05/22,고척,NC,키움,승,정규시즌,
2019/05/23,잠실,SK,LG,승,정규시즌,
2019/05/23,대구,한화,삼성,승,정규시즌,
2019/05/23,수원,두산,KT,승,정규시즌,
2019/05/23,광주,롯데,기아,승,정규시즌,
2019/05/23,고척,NC,키움,패,정규시즌,
2019/05/24,잠실,한화,두산,패,정규시즌,
2019/05/24,사직,LG,롯데,승,정규시즌,
2019/05/24,대구,키움,삼성,패,정규시즌,
2019/05/24,광주,KT,기아,승,정규시즌,
2019/05/24,창원,SK,NC,패,정규시즌,
2019/05/25,잠실,한화,두산,승,정규시즌,
2019/05/25,사직,LG,롯데,패,정규시즌,
2019/05/25,대구,키움,삼성,승,정규시즌,
2019/05/25,창원,SK,NC,승,정규시즌,
2019/05/25,광주,KT,기아,승,정규시즌,
2019/05/26,잠실,한화,두산,승,정규시즌,
2019/05/26,사직,LG,롯데,패,정규시즌,
2019/05/26,대구,키움,삼성,승,정규시즌,
2019/05/26,창원,SK,NC,패,정규시즌,
2019/05/26,광주,KT,기아,승,정규시즌,
2019/05/28,잠실,삼성,두산,승,정규시즌,
2019/05/28,문학,KT,SK,승,정규시즌,
2019/05/28,창원,롯데,NC,패,정규시즌,
2019/05/28,고척,LG,키움,승,정규시즌,
2019/05/28,대전,기아,한화,승,정규시즌,
2019/05/29,잠실,삼성,두산,승,정규시즌,
2019/05/29,문학,KT,SK,패,정규시즌,
2019/05/29,창원,롯데,NC,승,정규시즌,
2019/05/29,고척,LG,키움,패,정규시즌,
2019/05/29,대전,기아,한화,패,정규시즌,
2019/05/30,잠실,삼성,두산,패,정규시즌,
2019/05/30,문학,KT,SK,승,정규시즌,
2019/05/30,창원,롯데,NC,패,정규시즌,
2019/05/30,고척,LG,키움,패,정규시즌,
2019/05/30,대전,기아,한화,패,정규시즌,
2019/05/31,잠실,NC,LG,승,정규시즌,
2019/05/31,문학,한화,SK,승,정규시즌,
2019/05/31,사직,삼성,롯데,승,정규시즌,
2019/05/31,수원,두산,KT,승,정규시즌,
2019/05/31,광주,키움,기아,승,정규시즌,
2019/06/01,잠실,NC,LG,승,정규시즌,
2019/06/01,문학,한화,SK,패,정규시즌,
2019/06/01,사직,삼성,롯데,승,정규시즌,
2019/06/01,수원,두산,KT,승,정규시즌,
2019/06/01,광주,키움,기아,패,정규시즌,
2019/06/02,잠실,NC,LG,패,정규시즌,
2019/06/02,문학,한화,SK,승,정규시즌,
2019/06/02,사직,삼성,롯데,패,정규시즌,
2019/06/02,수원,두산,KT,패,정규시즌,
2019/06/02,광주,키움,기아,패,정규시즌,
2019/06/04,잠실,KT,LG,승,정규시즌,
2019/06/04,대구,NC,삼성,승,정규시즌,
2019/06/04,광주,두산,기아,패,정규시즌,
2019/06/04,고척,SK,키움,패,정규시즌,
2019/06/04,울산,한화,롯데,승,정규시즌,
2019/06/05,잠실,KT,LG,승,정규시즌,
2019/06/05,대구,NC,삼성,승,정규시즌,
2019/06/05,광주,두산,기아,패,정규시즌,
2019/06/05,고척,SK,키움,패,정규시즌,
2019/06/05,울산,한화,롯데,패,정규시즌,
2019/06/06,잠실,KT,LG,승,정규시즌,
2019/06/06,광주,두산,기아,승,정규시즌,
2019/06/06,울산,한화,롯데,패,정규시즌,
2019/06/06,대구,NC,삼성,승,정규시즌,
2019/06/06,고척,SK,키움,승,정규시즌,
2019/06/07,잠실,키움,두산,승,정규시즌,
2019/06/07,문학,삼성,SK,승,정규시즌,
2019/06/07,수원,롯데,KT,승,정규시즌,
2019/06/07,대전,LG,한화,승,정규시즌,
2019/06/07,창원,기아,NC,승,정규시즌,
2019/06/08,잠실,키움,두산,패,정규시즌,
2019/06/08,문학,삼성,SK,승,정규시즌,
2019/06/08,창원,기아,NC,승,정규시즌,
2019/06/08,수원,롯데,KT,승,정규시즌,
2019/06/08,대전,LG,한화,패,정규시즌,
2019/06/09,잠실,키움,두산,패,정규시즌,
2019/06/09,문학,삼성,SK,패,정규시즌,
2019/06/09,창원,기아,NC,승,정규시즌,
2019/06/09,수원,롯데,KT,승,정규시즌,
2019/06/09,대전,LG,한화,패,정규시즌,
2019/06/11,잠실,롯데,LG,무,정규시즌,
2019/06/11,창원,키움,NC,패,정규시즌,
2019/06/11,수원,SK,KT,패,정규시즌,
2019/06/11,광주,삼성,기아,승,정규시즌,
2019/06/11,대전,두산,한화,승,정규시즌,
2019/06/12,잠실,롯데,LG,승,정규시즌,
2019/06/12,창원,키움,NC,패,정규시즌,
2019/06/12,수원,SK,KT,패,정규시즌,
2019/06/12,광주,삼성,기아,승,정규시즌,
2019/06/12,대전,두산,한화,패,정규시즌,
2019/06/13,잠실,롯데,LG,승,정규시즌,
2019/06/13,창원,키움,NC,승,정규시즌,
2019/06/13,수원,SK,KT,승,정규시즌,
2019/06/13,광주,삼성,기아,승,정규시즌,
2019/06/13,대전,두산,한화,패,정규시즌,
2019/06/14,잠실,LG,두산,승,정규시즌,
2019/06/14,문학,NC,SK,승,정규시즌,
2019/06/14,대구,KT,삼성,승,정규시즌,
2019/06/14,고척,한화,키움,승,정규시즌,
2019/06/15,잠실,LG,두산,패,정규시즌,
2019/06/15,문학,NC,SK,승,정규시즌,
2019/06/15,사직,기아,롯데,승,정규시즌,
2019/06/15,대구,KT,삼성,패,정규시즌,
2019/06/15,고척,한화,키움,승,정규시즌,
2019/06/16,잠실,LG,두산,승,정규시즌,
2019/06/16,문학,NC,SK,승,정규시즌,
2019/06/16,사직,기아,롯데,승,정규시즌,
2019/06/16,대구,KT,삼성,패,정규시즌,
2019/06/16,고척,한화,키움,승,정규시즌,
2019/06/18,잠실,NC,두산,승,정규시즌,
2019/06/18,대구,LG,삼성,승,정규시즌,
2019/06/18,광주,SK,기아,승,정규시즌,
2019/06/18,고척,KT,키움,승,정규시즌,
2019/06/18,대전,롯데,한화,패,정규시즌,
2019/06/19,잠실,NC,두산,승,정규시즌,
2019/06/19,대구,LG,삼성,패,정규시즌,
2019/06/19,광주,SK,기아,패,정규시즌,
2019/06/19,고척,KT,키움,승,정규시즌,
2019/06/19,대전,롯데,한화,패,정규시즌,
2019/06/20,잠실,NC,두산,승,정규시즌,
2019/06/20,대구,LG,삼성,패,정규시즌,
2019/06/20,광주,SK,기아,승,정규시즌,
2019/06/20,고척,KT,키움,승,정규시즌,
2019/06/20,대전,롯데,한화,승,정규시즌,
2019/06/21,잠실,기아,LG,승,정규시즌,
2019/06/21,문학,두산,SK,승,정규시즌,
2019/06/21,수원,NC,KT,승,정규시즌,
2019/06/21,대전,삼성,한화,패,정규시즌,
2019/06/21,사직,키움,롯데,패,정규시즌,
2019/06/22,잠실,기아,LG,패,정규시즌,
2019/06/22,문학,두산,SK,승,정규시즌,
2019/06/22,사직,키움,롯데,승,정규시즌,
2019/06/22,수원,NC,KT,패,정규시즌,
2019/06/22,대전,삼성,한화,승,정규시즌,
2019/06/23,잠실,기아,LG,패,정규시즌,
2019/06/23,문학,두산,SK,승,정규시즌,
2019/06/23,사직,키움,롯데,승,정규시즌,
2019/06/23,수원,NC,KT,승,정규시즌,
2019/06/23,대전,삼성,한화,패,정규시즌,
2019/06/25,잠실,SK,LG,패,정규시즌,
2019/06/25,사직,KT,롯데,무,정규시즌,
2019/06/25,창원,한화,NC,패,정규시즌,
2019/06/25,고척,기아,키움,승,정규시즌,
2019/06/25,포항,두산,삼성,승,정규시즌,
2019/06/26,잠실,SK,LG,패,정규시즌,
2019/06/26,고척,기아,키움,패,정규시즌,
2019/06/27,잠실,SK,LG,승,정규시즌,
2019/06/27,사직,KT,롯데,패,정규시즌,
2019/06/27,창원,한화,NC,승,정규시즌,
2019/06/27,고척,기아,키움,승,정규시즌,
2019/06/27,포항,두산,삼성,패,정규시즌,
2019/06/28,잠실,롯데,두산,승,정규시즌,
2019/06/28,대구,SK,삼성,승,정규시즌,
2019/06/28,수원,기아,KT,승,정규시즌,
2019/06/28,대전,키움,한화,패,정규시즌,
2019/06/28,창원,LG,NC,패,정규시즌,
2019/06/29,잠실,롯데,두산,패,정규시즌,
2019/06/29,수원,기아,KT,승,정규시즌,
2019/06/30,잠실,롯데,두산,패,정규시즌,
2019/06/30,대구,SK,삼성,패,정규시즌,
2019/06/30,창원,LG,NC,승,정규시즌,
2019/06/30,수원,기아,KT,승,정규시즌,
2019/06/30,대전,키움,한화,패,정규시즌,
2019/07/02,잠실,한화,LG,승,정규시즌,
2019/07/02,문학,롯데,SK,승,정규시즌,
2019/07/02,수원,삼성,KT,승,정규시즌,
2019/07/02,광주,NC,기아,승,정규시즌,
2019/07/02,고척,두산,키움,승,정규시즌,
2019/07/03,잠실,한화,LG,승,정규시즌,
2019/07/03,문학,롯데,SK,승,정규시즌,
2019/07/03,수원,삼성,KT,승,정규시즌,
2019/07/03,광주,NC,기아,패,정규시즌,
2019/07/03,고척,두산,키움,패,정규시즌,
2019/07/04,잠실,한화,LG,승,정규시즌,
2019/07/04,문학,롯데,SK,승,정규시즌,
2019/07/04,수원,삼성,KT,승,정규시즌,
2019/07/04,광주,NC,기아,패,정규시즌,
2019/07/04,고척,두산,키움,패,정규시즌,
2019/07/05,잠실,SK,두산,패,정규시즌,
2019/07/05,광주,LG,기아,승,정규시즌,
2019/07/05,고척,롯데,키움,승,정규시즌,
2019/07/05,대전,KT,한화,패,정규시즌,
2019/07/05,창원,삼성,NC,승,정규시즌,
2019/07/06,잠실,SK,두산,패,정규시즌,
2019/07/06,창원,삼성,NC,무,정규시즌,
2019/07/06,광주,LG,기아,승,정규시즌,
2019/07/06,고척,롯데,키움,승,정규시즌,
2019/07/06,대전,KT,한화,승,정규시즌,
2019/07/07,잠실,SK,두산,승,정규시즌,
2019/07/07,창원,삼성,NC,패,정규시즌,
2019/07/07,광주,LG,기아,패,정규시즌,
2019/07/07,고척,롯데,키움,승,정규시즌,
2019/07/07,대전,KT,한화,패,정규시즌,
2019/07/09,잠실,두산,LG,패,정규시즌,
2019/07/09,사직,NC,롯데,승,정규시즌,
2019/07/09,대구,기아,삼성,승,정규시즌,
2019/07/09,수원,키움,KT,패,정규시즌,
2019/07/09,대전,SK,한화,승,정규시즌,
2019/07/11,잠실,두산,LG,패,정규시즌,
2019/07/11,사직,NC,롯데,패,정규시즌,
2019/07/11,대구,기아,삼성,승,정규시즌,
2019/07/11,수원,키움,KT,패,정규시즌,
2019/07/11,대전,SK,한화,패,정규시즌,
2019/07/12,잠실,삼성,LG,패,정규시즌,
2019/07/12,문학,키움,SK,패,정규시즌,
2019/07/12,광주,한화,기아,승,정규시즌,
2019/07/12,사직,두산,롯데,승,정규시즌,
2019/07/12,창원,KT,NC,승,정규시즌,
2019/07/13,잠실,삼성,LG,승,정규시즌,
2019/07/13,문학,키움,SK,승,정규시즌,
2019/07/13,사직,두산,롯데,패,정규시즌,
2019/07/13,창원,KT,NC,패,정규시즌,
2019/07/13,광주,한화,기아,패,정규시즌,
2019/07/14,잠실,삼성,LG,승,정규시즌,
2019/07/14,문학,키움,SK,승,정규시즌,
2019/07/14,사직,두산,롯데,패,정규시즌,
2019/07/14,창원,KT,NC,패,정규시즌,
2019/07/14,광주,한화,기아,승,정규시즌,
2019/07/16,잠실,KT,두산,패,정규시즌,
2019/07/16,문학,LG,SK,승,정규시즌,
2019/07/16,고척,삼성,키움,승,정규시즌,
2019/07/16,청주,NC,한화,패,정규시즌,
2019/07/17,잠실,KT,두산,패,정규시즌,
2019/07/17,문학,LG,SK,승,정규시즌,
2019/07/17,광주,롯데,기아,승,정규시즌,
2019/07/17,고척,삼성,키움,승,정규시즌,
2019/07/17,청주,NC,한화,패,정규시즌,
2019/07/18,잠실,KT,두산,패,정규시즌,
2019/07/18,문학,LG,SK,패,정규시즌,
2019/07/18,광주,롯데,기아,패,정규시즌,
2019/07/18,고척,삼성,키움,승,정규시즌,
2019/07/18,청주,NC,한화,패,정규시즌,
2019/07/21,창원,드림,나눔,패,올스타전,
2019/07/26,잠실,기아,두산,,정규시즌,
2019/07/26,대구,한화,삼성,,정규시즌,
2019/07/26,수원,LG,KT,,정규시즌,
2019/07/26,고척,NC,키움,,정규시즌,
2019/07/26,사직,SK,롯데,,정규시즌,
2019/07/27,잠실,기아,두산,,정규시즌,
2019/07/27,사직,SK,롯데,,정규시즌,
2019/07/27,대구,한화,삼성,,정규시즌,
2019/07/27,수원,LG,KT,,정규시즌,
2019/07/27,고척,NC,키움,,정규시즌,
2019/07/28,잠실,기아,두산,,정규시즌,
2019/07/28,사직,SK,롯데,,정규시즌,
2019/07/28,대구,한화,삼성,,정규시즌,
2019/07/28,수원,LG,KT,,정규시즌,
2019/07/28,고척,NC,키움,,정규시즌,
2019/07/30,잠실,키움,LG,,정규시즌,
2019/07/30,문학,기아,SK,,정규시즌,
2019/07/30,대구,롯데,삼성,,정규시즌,
2019/07/30,창원,두산,NC,,정규시즌,
2019/07/30,수원,한화,KT,,정규시즌,
2019/07/31,잠실,키움,LG,,정규시즌,
2019/07/31,문학,기아,SK,,정규시즌,
2019/07/31,대구,롯데,삼성,,정규시즌,
2019/07/31,창원,두산,NC,,정규시즌,
2019/07/31,수원,한화,KT,,정규시즌,
2019/08/01,잠실,SK,두산,win,-, 17:00 
2019/08/02,잠실,SK,두산,lose,-, 17:00 
2019/08/04,문학,히어로즈,SK,win,-, 18:30 
2019/08/05,문학,히어로즈,SK,win,-, 18:30 
2019/08/06,문학,히어로즈,SK,lose,-, 18:30 
2019/08/08,군산,SK,KIA,win,-, 17:00 
2019/08/09,군산,SK,KIA,win,-, 17:00 
2019/08/12,문학,LG,SK,win,-, 18:30 
2019/08/13,문학,LG,SK,lose,-, 18:30 
2019/08/14,대전,SK,한화,lose,-, 18:30 
2019/08/15,대전,SK,한화,lose,-, 17:00 
2019/08/16,대전,SK,한화,win,-, 17:00 
2019/08/18,사직,SK,롯데,lose,-, 18:30 
2019/08/19,사직,SK,롯데,lose,-, 18:30 
2019/08/20,사직,SK,롯데,lose,-, 18:30 
2019/08/21,문학,KIA,SK,lose,-, 18:30 
2019/08/22,문학,KIA,SK,lose,-, 17:00 
2019/08/23,문학,KIA,SK,lose,-, 17:00 
2019/08/25,문학,두산,SK,win,-, 18:30 
2019/08/27,문학,두산,SK,win,-, 18:30 
2019/08/28,시민,SK,삼성,lose,-, 18:30 
2019/08/29,시민,SK,삼성,lose,-, 17:00 
2019/08/30,시민,SK,삼성,lose,-, 17:00 
2019/08/01,청주,롯데,한화,win,-, 17:00 
2019/08/02,청주,롯데,한화,lose,-, 17:00 
2019/08/04,시민,한화,삼성,win,-, 18:30 
2019/08/05,시민,한화,삼성,win,-, 18:30 
2019/08/06,시민,한화,삼성,win,-, 18:30 
2019/08/08,대전,히어로즈,한화,lose,-, 17:00 
2019/08/09,대전,히어로즈,한화,lose,-, 17:00 
2019/08/12,잠실,한화,두산,win,-, 18:30 
2019/08/13,잠실,한화,두산,win,-, 18:30 
2019/08/18,대전,삼성,한화,lose,-, 18:30 
2019/08/19,대전,삼성,한화,win,-, 18:30 
2019/08/21,목동,한화,히어로즈,lose,-, 18:30 
2019/08/22,목동,한화,히어로즈,win,-, 17:00 
2019/08/23,목동,한화,히어로즈,lose,-, 17:00 
2019/08/25,무등,한화,KIA,win,-, 18:30 
2019/08/26,무등,한화,KIA,win,-, 18:30 
2019/08/27,무등,한화,KIA,lose,-, 18:30 
2019/08/28,대전,LG,한화,win,-, 18:30 
2019/08/29,대전,LG,한화,lose,-, 17:00 
2019/08/30,대전,LG,한화,win,-, 17:00 
2019/08/01,목동,LG,히어로즈,win,-, 17:00 
2019/08/02,목동,LG,히어로즈,win,-, 17:00 
2019/08/12,목동,삼성,히어로즈,lose,-, 18:30 
2019/08/13,목동,삼성,히어로즈,win,-, 18:30 
2019/08/14,목동,두산,히어로즈,win,-, 18:30 
2019/08/15,목동,두산,히어로즈,lose,-, 17:00 
2019/08/16,목동,두산,히어로즈,win,-, 17:00 
2019/08/18,무등,히어로즈,KIA,win,-, 18:30 
2019/08/19,무등,히어로즈,KIA,lose,-, 18:30 
2019/08/25,잠실,히어로즈,LG,lose,-, 18:30 
2019/08/27,잠실,히어로즈,LG,lose,-, 18:30 
2019/08/28,사직,히어로즈,롯데,win,-, 18:30 
2019/08/29,사직,히어로즈,롯데,win,-, 17:00 
2019/08/30,사직,히어로즈,롯데,lose,-, 17:00 
2019/08/01,무등,삼성,KIA,win,-, 17:00 
2019/08/02,무등,삼성,KIA,win,-, 17:00 
2019/08/04,잠실,KIA,LG,lose,-, 18:30 
2019/08/05,잠실,KIA,LG,lose,-, 18:30 
2019/08/06,잠실,KIA,LG,lose,-, 18:30 
2019/08/11,무등,롯데,KIA,win,-, 18:30 
2019/08/12,무등,롯데,KIA,win,-, 18:30 
2019/08/13,무등,롯데,KIA,lose,-, 18:30 
2019/08/14,시민,KIA,삼성,lose,-, 18:30 
2019/08/15,시민,KIA,삼성,win,-, 17:00 
2019/08/16,시민,KIA,삼성,lose,-, 17:00 
2019/08/28,잠실,KIA,두산,lose,-, 18:30 
2019/08/29,잠실,KIA,두산,lose,-, 17:00 
2019/08/30,잠실,KIA,두산,lose,-, 17:00 
2019/08/07,사직,삼성,롯데,win,-, 18:30 
2019/08/08,사직,삼성,롯데,win,-, 17:00 
2019/08/09,사직,삼성,롯데,lose,-, 17:00 
2019/08/21,잠실,삼성,두산,lose,-, 18:30 
2019/08/22,잠실,삼성,두산,win,-, 17:00 
2019/08/23,잠실,삼성,두산,win,-, 17:00 
2019/08/25,시민,롯데,삼성,lose,-, 18:30 
2019/08/26,시민,롯데,삼성,win,-, 18:30 
2019/08/27,시민,롯데,삼성,win,-, 18:30 
2019/08/04,마산,두산,롯데,lose,-, 18:30 
2019/08/05,마산,두산,롯데,lose,-, 18:30 
2019/08/06,마산,두산,롯데,lose,-, 18:30 
2019/08/14,잠실,롯데,LG,lose,-, 18:30 
2019/08/15,잠실,롯데,LG,win,-, 17:00 
2019/08/16,잠실,롯데,LG,lose,-, 17:00 
2019/08/21,사직,LG,롯데,lose,-, 18:30 
2019/08/22,사직,LG,롯데,lose,-, 17:00 
2019/08/23,사직,LG,롯데,win,-, 17:00 
2019/08/07,잠실,두산,LG,win,-, 18:30 
2019/08/08,잠실,두산,LG,lose,-, 17:00 
2019/08/09,잠실,두산,LG,win,-, 17:00 
2019/08/18,잠실,LG,두산,lose,-, 18:30 
2019/08/19,잠실,LG,두산,lose,-, 18:30 
2019/08/20,잠실,LG,두산,win,-, 18:30 
2019/09/01,목동,SK,히어로즈,lose,-, 18:30 
2019/09/03,잠실,SK,두산,lose,-, 18:30 
2019/09/05,문학,롯데,SK,win,-, 17:00 
2019/09/06,문학,롯데,SK,win,-, 17:00 
2019/09/08,무등,SK,KIA,lose,-, 18:30 
2019/09/09,무등,SK,KIA,lose,-, 18:30 
2019/09/12,문학,LG,SK,win,-, 17:00 
2019/09/15,잠실,SK,LG,lose,-, 18:30 
2019/09/16,잠실,SK<span,,LG,-, 18:30 
2019/09/19,문학,한화,SK,win,-, 17:00 
2019/09/20,문학,한화,SK,win,-, 17:00 
2019/09/22,문학,삼성,SK,win,-, 18:30 
2019/09/23,문학,삼성,SK,win,-, 18:30 
2019/09/25,문학,두산,SK,win,-, 18:30 
2019/09/26,문학,두산,SK,win,-, 17:00 
2019/09/01,잠실,한화,두산,win,-, 18:30 
2019/09/02,잠실,한화,두산,win,-, 18:30 
2019/09/03,대전,히어로즈,한화,win,-, 18:30 
2019/09/04,대전,히어로즈,한화,lose,-, 18:30 
2019/09/05,잠실,한화,LG,lose,-, 17:00 
2019/09/08,사직,한화,롯데,lose,-, 18:30 
2019/09/10,대전,KIA,한화,lose,-, 18:30 
2019/09/11,대전,KIA,한화,lose,-, 18:30 
2019/09/12,대전,히어로즈,한화,win,-, 17:00 
2019/09/13,대전,히어로즈,한화,lose,-, 14:00 
2019/09/15,시민,한화,삼성,lose,-, 18:30 
2019/09/16,시민,한화,삼성,win,-, 18:30 
2019/09/17,잠실,한화,두산,lose,-, 18:30 
2019/09/18,잠실,한화,두산,win,-, 18:30 
2019/09/23,대전,LG,한화,win,-, 18:30 
2019/09/25,대전,삼성,한화,win,-, 18:30 
2019/09/02,목동,LG,히어로즈,win,-, 18:30 
2019/09/06,목동,삼성,히어로즈,lose,-, 17:00 
2019/09/08,잠실,히어로즈,두산,win,-, 18:30 
2019/09/09,잠실,히어로즈,두산,win,-, 18:30 
2019/09/10,잠실,히어로즈,두산,lose,-, 18:30 
2019/09/15,목동,KIA,히어로즈,lose,-, 18:30 
2019/09/16,목동,KIA,히어로즈,lose,-, 18:30 
2019/09/17,사직,히어로즈,롯데,win,-, 18:30 
2019/09/18,사직,히어로즈,롯데,win,-, 18:30 
2019/09/19,시민,히어로즈,삼성,win,-, 17:00 
2019/09/20,시민,히어로즈,삼성,win,-, 14:00 
2019/09/22,목동,롯데,히어로즈,win,-, 18:30 
2019/09/23,목동,두산,히어로즈,win,-, 18:30 
2019/09/24,군산,히어로즈,KIA,win,-, 18:30 
2019/09/25,무등,히어로즈,KIA,win,-, 18:30 
2019/09/26,잠실,히어로즈,LG,win,-, 17:00 
2019/09/01,사직,KIA,롯데,lose,-, 18:30 
2019/09/02,시민,KIA,삼성,lose,-, 18:30 
2019/09/03,시민,KIA,삼성,win,-, 18:30 
2019/09/04,무등,두산,KIA,lose,-, 18:30 
2019/09/05,무등,두산,KIA,lose,-, 17:00 
2019/09/12,잠실,KIA,두산,win,-, 17:00 
2019/09/13,잠실,KIA,두산,win,-, 13:30 
2019/09/18,무등,LG,KIA,win,-, 18:30 
2019/09/19,무등,LG,KIA,win,-, 17:00 
2019/09/20,무등,LG,KIA,win,-, 17:00 
2019/09/09,시민,LG,삼성,win,-, 18:30 
2019/09/10,시민,LG,삼성,win,-, 18:30 
2019/09/11,시민,LG,삼성,lose,-, 18:30 
2019/09/12,사직,삼성,롯데,win,-, 17:00 
2019/09/13,사직,삼성,롯데,win,-, 14:00 
2019/09/24,잠실,삼성,두산,win,-, 18:30 
2019/09/19,잠실,롯데,두산,lose,-, 17:00 
2019/09/20,잠실,롯데,두산,lose,-, 17:00 
2019/09/25,잠실,롯데,LG,win,-, 18:30 
2019/09/06,잠실,두산,LG,win,-, 17:00 
